transaction_id,timestamp,customer_id,product_id,quantity
1000,2025-08-27 10:00:00,5033,108,4
1001,2025-12-06 14:00:00,5060,105,1
1002,2025-09-02 19:00:00,5185,103,3
1003,2025-03-29 07:00:00,5029,107,2
1004,2025-07-06 15:00:00,5168,101,3
1005,2025-01-17 09:00:00,5046,101,2
1006,2025-08-15 17:00:00,5151,107,3
1007,2025-10-03 22:00:00,5108,101,1
1008,2025-08-28 06:00:00,5007,107,1
1009,2025-01-31 23:00:00,5135,103,2
1010,2025-02-13 03:00:00,5097,101,4
1011,2025-02-27 21:00:00,5039,107,3
1012,2025-05-19 20:00:00,5061,102,3
1013,2025-06-20 23:00:00,5020,110,1
1014,2025-03-19 10:00:00,5018,110,4
1015,2025-12-27 09:00:00,5103,107,3
1016,2025-05-28 21:00:00,5191,106,2
1017,2025-12-08 01:00:00,5078,105,1
1018,2025-06-30 05:00:00,5150,104,1
1019,2025-07-09 11:00:00,5050,108,1
1020,2025-08-02 19:00:00,5024,101,4
1021,2025-01-09 23:00:00,5099,106,1
1022,2025-08-02 01:00:00,5196,105,4
1023,2025-10-08 23:00:00,5086,105,1
1024,2025-11-16 17:00:00,5128,105,3
1025,2025-10-24 13:00:00,5053,102,1
1026,2025-06-28 12:00:00,5074,110,2
1027,2025-07-16 10:00:00,5167,104,3
1028,2025-06-24 23:00:00,5125,107,2
1029,2025-05-19 11:00:00,5009,110,1
1030,2025-03-07 00:00:00,5105,102,1
1031,2025-04-23 06:00:00,5021,103,4
1032,2025-10-17 14:00:00,5145,110,2
1033,2025-07-17 20:00:00,5140,108,4
1034,2025-10-23 09:00:00,5045,108,2
1035,2025-09-22 12:00:00,5090,110,2
1036,2025-02-27 13:00:00,5143,108,3
1037,2025-04-03 17:00:00,5013,106,1
1038,2025-06-21 07:00:00,5049,103,3
1039,2025-10-20 18:00:00,5171,106,4
1040,2025-08-30 05:00:00,5167,106,4
1041,2025-01-07 14:00:00,5115,107,2
1042,2025-06-10 02:00:00,5101,108,3
1043,2025-08-05 11:00:00,5069,109,4
1044,2025-06-19 22:00:00,5163,102,4
1045,2025-02-03 08:00:00,5092,102,3
1046,2025-04-19 03:00:00,5063,107,2
1047,2025-11-26 15:00:00,5136,108,4
1048,2025-03-01 03:00:00,5072,108,1
1049,2025-12-07 16:00:00,5041,101,2
1050,2025-07-12 03:00:00,5091,103,4
1051,2025-11-20 00:00:00,5179,109,3
1052,2025-03-22 20:00:00,5074,110,4
1053,2025-02-18 14:00:00,5085,104,4
1054,2025-10-20 16:00:00,5199,104,2
1055,2025-02-20 19:00:00,5031,101,1
1056,2025-08-06 22:00:00,5165,103,2
1057,2025-06-28 21:00:00,5030,109,2
1058,2025-11-04 07:00:00,5047,109,4
1059,2025-05-08 11:00:00,5049,102,3
1060,2025-05-30 23:00:00,5030,106,3
1061,2025-09-12 18:00:00,5003,110,2
1062,2025-04-06 22:00:00,5050,101,3
1063,2025-02-25 06:00:00,5072,110,4
1064,2025-01-19 02:00:00,5083,102,1
1065,2025-06-13 17:00:00,5090,108,2
1066,2025-05-16 16:00:00,5145,108,3
1067,2025-04-26 14:00:00,5034,107,1
1068,2025-01-31 13:00:00,5157,105,4
1069,2025-01-12 10:00:00,5075,103,1
1070,2025-03-24 14:00:00,5198,102,3
1071,2025-08-07 03:00:00,5044,108,3
1072,2025-08-21 08:00:00,5157,106,2
1073,2025-05-16 09:00:00,5156,107,4
1074,2025-01-18 18:00:00,5078,110,4
1075,2025-04-30 03:00:00,5154,109,1
1076,2025-01-26 15:00:00,5122,108,1
1077,2025-12-07 06:00:00,5184,102,3
1078,2025-05-10 00:00:00,5049,110,2
1079,2025-03-15 09:00:00,5181,107,2
1080,2025-07-07 16:00:00,5109,107,1
1081,2025-02-11 01:00:00,5021,103,1
1082,2025-03-15 22:00:00,5081,108,4
1083,2025-03-23 11:00:00,5118,102,1
1084,2025-06-07 01:00:00,5157,106,4
1085,2025-05-22 22:00:00,5020,107,3
1086,2025-11-25 12:00:00,5054,103,1
1087,2025-04-05 14:00:00,5082,108,3
1088,2025-05-04 05:00:00,5153,102,1
1089,2025-06-20 09:00:00,5003,102,2
1090,2025-05-23 14:00:00,5032,109,1
1091,2025-02-02 14:00:00,5014,105,4
1092,2025-05-15 23:00:00,5029,104,1
1093,2025-05-07 10:00:00,5010,103,3
1094,2025-10-16 22:00:00,5040,110,1
1095,2025-07-20 10:00:00,5127,104,2
1096,2025-07-31 03:00:00,5195,106,3
1097,2025-05-10 17:00:00,5066,108,3
1098,2025-04-21 06:00:00,5083,108,1
1099,2025-08-05 08:00:00,5085,103,1
1100,2025-10-28 04:00:00,5195,103,1
1101,2025-01-12 11:00:00,5130,108,3
1102,2025-10-15 11:00:00,5060,109,3
1103,2025-10-19 10:00:00,5030,102,1
1104,2025-04-07 22:00:00,5120,107,3
1105,2025-06-30 14:00:00,5131,106,1
1106,2025-07-13 21:00:00,5061,109,2
1107,2025-12-09 20:00:00,5121,103,2
1108,2025-08-03 08:00:00,5080,105,1
1109,2025-05-04 10:00:00,5013,105,3
1110,2025-08-18 01:00:00,5095,108,2
1111,2025-09-20 08:00:00,5190,103,1
1112,2025-11-30 02:00:00,5058,105,4
1113,2025-12-08 05:00:00,5173,108,3
1114,2025-09-09 03:00:00,5060,103,2
1115,2025-06-02 13:00:00,5042,104,1
1116,2025-08-16 00:00:00,5002,104,1
1117,2025-08-02 18:00:00,5146,110,4
1118,2025-10-19 00:00:00,5162,108,4
1119,2025-11-15 19:00:00,5045,108,1
1120,2025-07-02 22:00:00,5004,102,1
1121,2025-12-26 09:00:00,5167,101,4
1122,2025-03-02 18:00:00,5016,105,4
1123,2025-06-18 20:00:00,5144,110,4
1124,2025-09-13 04:00:00,5127,101,2
1125,2025-10-30 11:00:00,5065,108,1
1126,2025-06-22 19:00:00,5142,106,2
1127,2025-12-20 12:00:00,5186,110,1
1128,2025-01-03 18:00:00,5133,108,4
1129,2025-04-22 16:00:00,5081,104,2
1130,2025-03-18 19:00:00,5117,109,1
1131,2025-07-14 01:00:00,5082,107,4
1132,2025-11-26 20:00:00,5165,106,3
1133,2025-12-01 16:00:00,5003,106,2
1134,2025-11-19 03:00:00,5075,101,2
1135,2025-12-07 19:00:00,5128,106,1
1136,2025-11-18 15:00:00,5189,106,1
1137,2025-01-24 19:00:00,5151,101,3
1138,2025-06-17 01:00:00,5150,108,3
1139,2025-01-10 03:00:00,5006,105,1
1140,2025-09-04 10:00:00,5183,106,4
1141,2025-04-09 22:00:00,5157,110,1
1142,2025-05-18 23:00:00,5146,110,4
1143,2025-05-26 10:00:00,5159,107,1
1144,2025-07-29 20:00:00,5101,107,2
1145,2025-02-21 13:00:00,5092,105,3
1146,2025-04-13 05:00:00,5116,103,1
1147,2025-03-24 20:00:00,5134,105,2
1148,2025-02-20 10:00:00,5127,110,3
1149,2025-02-20 10:00:00,5095,107,3
1150,2025-06-07 17:00:00,5155,101,1
1151,2025-09-12 06:00:00,5039,107,2
1152,2025-04-28 07:00:00,5093,110,4
1153,2025-08-15 05:00:00,5020,103,2
1154,2025-12-18 19:00:00,5026,106,2
1155,2025-09-29 17:00:00,5046,110,3
1156,2025-01-05 15:00:00,5166,107,3
1157,2025-08-14 15:00:00,5139,104,2
1158,2025-11-23 23:00:00,5096,102,4
1159,2025-03-16 11:00:00,5140,110,2
1160,2025-03-07 18:00:00,5106,105,2
1161,2025-12-26 07:00:00,5190,110,3
1162,2025-04-03 00:00:00,5087,109,2
1163,2025-12-28 01:00:00,5016,109,3
1164,2025-01-26 04:00:00,5169,104,3
1165,2025-09-15 07:00:00,5060,104,3
1166,2025-06-15 07:00:00,5181,104,4
1167,2025-10-17 02:00:00,5141,105,3
1168,2025-01-08 22:00:00,5016,109,4
1169,2025-07-16 20:00:00,5073,102,2
1170,2025-11-05 08:00:00,5007,107,1
1171,2025-06-10 11:00:00,5170,104,3
1172,2025-06-15 09:00:00,5129,105,4
1173,2025-12-14 00:00:00,5048,106,4
1174,2025-04-23 21:00:00,5058,102,2
1175,2025-03-07 11:00:00,5093,103,3
1176,2025-10-27 22:00:00,5069,107,4
1177,2025-10-25 20:00:00,5116,109,2
1178,2025-01-17 06:00:00,5032,109,1
1179,2025-12-28 20:00:00,5142,101,3
1180,2025-08-19 12:00:00,5196,106,1
1181,2025-04-24 23:00:00,5197,109,3
1182,2025-03-14 04:00:00,5115,105,2
1183,2025-07-15 23:00:00,5072,108,2
1184,2025-12-21 02:00:00,5119,109,4
1185,2025-04-21 19:00:00,5099,107,1
1186,2025-05-06 03:00:00,5138,109,4
1187,2025-03-24 12:00:00,5178,109,1
1188,2025-10-15 06:00:00,5101,105,3
1189,2025-06-21 07:00:00,5123,110,1
1190,2025-02-14 05:00:00,5158,108,2
1191,2025-10-13 22:00:00,5067,102,1
1192,2025-07-14 23:00:00,5126,101,1
1193,2025-03-23 04:00:00,5084,110,2
1194,2025-04-01 11:00:00,5184,104,2
1195,2025-12-01 01:00:00,5018,108,3
1196,2025-05-13 15:00:00,5006,104,2
1197,2025-06-23 13:00:00,5124,103,4
1198,2025-11-20 01:00:00,5013,108,4
1199,2025-01-23 23:00:00,5199,101,1
1200,2025-08-31 14:00:00,5064,105,1
1201,2025-07-21 22:00:00,5021,109,3
1202,2025-06-08 17:00:00,5051,104,1
1203,2025-01-16 06:00:00,5148,108,1
1204,2025-07-06 10:00:00,5004,107,3
1205,2025-08-23 01:00:00,5169,103,1
1206,2025-02-24 03:00:00,5090,106,4
1207,2025-09-27 23:00:00,5159,101,3
1208,2025-01-09 04:00:00,5094,109,1
1209,2025-08-18 20:00:00,5083,101,3
1210,2025-03-30 19:00:00,5023,108,1
1211,2025-02-22 22:00:00,5144,106,4
1212,2025-10-30 22:00:00,5059,107,1
1213,2025-09-19 03:00:00,5083,107,3
1214,2025-01-10 08:00:00,5064,107,4
1215,2025-09-02 15:00:00,5051,106,3
1216,2025-07-31 16:00:00,5142,107,3
1217,2025-11-13 06:00:00,5117,106,1
1218,2025-11-21 09:00:00,5061,106,2
1219,2025-07-09 02:00:00,5172,106,4
1220,2025-03-21 15:00:00,5134,104,1
1221,2025-11-01 10:00:00,5015,101,2
1222,2025-07-14 01:00:00,5068,105,2
1223,2025-06-13 06:00:00,5086,102,1
1224,2025-10-15 12:00:00,5007,101,4
1225,2025-10-11 20:00:00,5114,107,4
1226,2025-11-14 20:00:00,5009,102,2
1227,2025-04-09 09:00:00,5145,108,2
1228,2025-06-27 06:00:00,5044,109,4
1229,2025-11-03 14:00:00,5198,102,1
1230,2025-02-21 21:00:00,5067,108,4
1231,2025-09-24 11:00:00,5109,103,1
1232,2025-03-24 17:00:00,5123,109,4
1233,2025-02-02 05:00:00,5174,106,1
1234,2025-06-14 02:00:00,5020,109,3
1235,2025-10-17 16:00:00,5187,106,3
1236,2025-03-08 06:00:00,5117,105,2
1237,2025-06-18 12:00:00,5087,103,3
1238,2025-09-05 02:00:00,5031,107,3
1239,2025-05-25 06:00:00,5026,108,4
1240,2025-10-06 15:00:00,5065,109,2
1241,2025-01-13 21:00:00,5031,106,2
1242,2025-02-18 06:00:00,5169,109,1
1243,2025-10-25 14:00:00,5018,110,4
1244,2025-09-10 05:00:00,5173,102,1
1245,2025-07-08 23:00:00,5119,106,1
1246,2025-10-12 07:00:00,5079,104,1
1247,2025-06-10 04:00:00,5142,104,1
1248,2025-07-05 01:00:00,5119,102,4
1249,2025-12-04 04:00:00,5127,109,4
1250,2025-06-24 05:00:00,5125,105,4
1251,2025-10-13 19:00:00,5177,103,4
1252,2025-01-06 04:00:00,5046,105,3
1253,2025-07-11 06:00:00,5186,104,3
1254,2025-01-01 04:00:00,5110,107,2
1255,2025-06-01 16:00:00,5049,107,1
1256,2025-12-10 21:00:00,5057,102,1
1257,2025-09-16 22:00:00,5033,107,2
1258,2025-07-18 05:00:00,5037,108,1
1259,2025-06-18 06:00:00,5074,102,3
1260,2025-06-08 16:00:00,5050,104,1
1261,2025-06-26 03:00:00,5175,101,4
1262,2025-08-14 15:00:00,5095,109,3
1263,2025-08-28 10:00:00,5028,101,1
1264,2025-05-01 08:00:00,5151,105,3
1265,2025-08-11 23:00:00,5026,103,1
1266,2025-03-12 02:00:00,5142,103,2
1267,2025-08-30 08:00:00,5044,107,1
1268,2025-09-20 18:00:00,5113,104,2
1269,2025-10-23 18:00:00,5168,109,3
1270,2025-01-06 04:00:00,5107,106,3
1271,2025-04-13 09:00:00,5059,110,3
1272,2025-03-14 04:00:00,5139,107,1
1273,2025-02-11 07:00:00,5104,101,3
1274,2025-01-04 09:00:00,5137,105,4
1275,2025-08-22 01:00:00,5163,105,4
1276,2025-09-29 19:00:00,5060,109,3
1277,2025-10-30 11:00:00,5050,104,2
1278,2025-08-27 08:00:00,5027,107,2
1279,2025-02-21 16:00:00,5096,102,4
1280,2025-07-20 20:00:00,5101,104,3
1281,2025-06-18 04:00:00,5086,107,4
1282,2025-02-02 22:00:00,5062,105,1
1283,2025-05-20 04:00:00,5030,103,2
1284,2025-06-08 11:00:00,5184,105,1
1285,2025-10-17 20:00:00,5144,105,4
1286,2025-07-17 13:00:00,5186,106,3
1287,2025-10-19 21:00:00,5068,104,2
1288,2025-11-02 05:00:00,5015,106,1
1289,2025-01-05 13:00:00,5168,109,2
1290,2025-02-20 18:00:00,5187,109,3
1291,2025-09-09 04:00:00,5165,109,2
1292,2025-03-12 04:00:00,5048,103,3
1293,2025-04-18 03:00:00,5168,110,3
1294,2025-07-03 23:00:00,5187,106,3
1295,2025-07-12 02:00:00,5107,107,4
1296,2025-06-29 11:00:00,5080,107,2
1297,2025-10-09 22:00:00,5077,101,3
1298,2025-09-26 17:00:00,5062,104,1
1299,2025-03-12 10:00:00,5174,110,4
1300,2025-08-13 17:00:00,5039,104,3
1301,2025-09-11 01:00:00,5006,105,4
1302,2025-07-08 00:00:00,5003,110,1
1303,2025-06-02 22:00:00,5166,109,3
1304,2025-06-13 07:00:00,5101,105,1
1305,2025-03-20 10:00:00,5075,107,2
1306,2025-12-12 03:00:00,5007,102,1
1307,2025-02-16 06:00:00,5108,104,3
1308,2025-03-16 06:00:00,5159,102,3
1309,2025-05-01 18:00:00,5039,109,1
1310,2025-02-07 06:00:00,5174,107,3
1311,2025-04-29 04:00:00,5135,105,1
1312,2025-12-18 04:00:00,5191,101,1
1313,2025-10-27 01:00:00,5001,102,2
1314,2025-09-07 16:00:00,5142,105,4
1315,2025-09-09 08:00:00,5176,108,2
1316,2025-12-06 04:00:00,5164,109,2
1317,2025-02-18 12:00:00,5138,108,3
1318,2025-09-16 17:00:00,5131,105,2
1319,2025-04-23 18:00:00,5064,108,3
1320,2025-02-19 11:00:00,5007,109,4
1321,2025-04-30 15:00:00,5003,107,2
1322,2025-03-30 09:00:00,5065,104,1
1323,2025-12-29 18:00:00,5162,108,4
1324,2025-03-29 16:00:00,5115,110,4
1325,2025-11-01 23:00:00,5092,101,4
1326,2025-02-21 13:00:00,5110,101,3
1327,2025-07-02 17:00:00,5026,109,1
1328,2025-01-13 14:00:00,5063,101,2
1329,2025-05-05 05:00:00,5188,110,1
1330,2025-08-22 00:00:00,5103,104,4
1331,2025-05-01 11:00:00,5129,106,1
1332,2025-09-30 10:00:00,5098,103,1
1333,2025-12-13 15:00:00,5145,106,4
1334,2025-07-27 08:00:00,5121,110,1
1335,2025-09-04 03:00:00,5110,108,2
1336,2025-06-08 04:00:00,5114,101,3
1337,2025-11-09 18:00:00,5139,106,2
1338,2025-10-09 12:00:00,5016,105,1
1339,2025-03-01 18:00:00,5012,102,2
1340,2025-05-25 10:00:00,5038,101,4
1341,2025-08-27 11:00:00,5099,110,2
1342,2025-07-23 00:00:00,5141,108,4
1343,2025-03-01 13:00:00,5004,101,1
1344,2025-09-19 10:00:00,5035,103,4
1345,2025-12-28 16:00:00,5141,104,1
1346,2025-01-13 02:00:00,5169,110,4
1347,2025-03-22 10:00:00,5002,107,2
1348,2025-05-18 23:00:00,5007,109,1
1349,2025-02-05 08:00:00,5158,102,4
1350,2025-05-18 22:00:00,5081,106,2
1351,2025-09-17 01:00:00,5087,107,2
1352,2025-02-10 10:00:00,5088,105,3
1353,2025-04-10 02:00:00,5162,101,4
1354,2025-01-15 19:00:00,5177,102,2
1355,2025-11-25 22:00:00,5070,106,4
1356,2025-12-25 03:00:00,5085,106,1
1357,2025-01-09 01:00:00,5036,101,4
1358,2025-09-27 10:00:00,5013,105,2
1359,2025-06-09 11:00:00,5145,101,1
1360,2025-12-04 03:00:00,5024,109,4
1361,2025-07-12 09:00:00,5106,108,1
1362,2025-11-26 13:00:00,5050,106,2
1363,2025-09-29 06:00:00,5065,109,1
1364,2025-04-10 08:00:00,5125,101,1
1365,2025-09-05 07:00:00,5165,103,2
1366,2025-04-26 17:00:00,5092,107,2
1367,2025-11-07 13:00:00,5093,101,3
1368,2025-05-20 14:00:00,5145,106,4
1369,2025-03-01 01:00:00,5189,109,1
1370,2025-07-23 00:00:00,5080,110,3
1371,2025-11-16 11:00:00,5118,107,3
1372,2025-03-05 13:00:00,5148,108,4
1373,2025-04-14 02:00:00,5131,106,2
1374,2025-11-13 13:00:00,5199,106,4
1375,2025-06-29 19:00:00,5151,108,1
1376,2025-11-25 04:00:00,5145,106,2
1377,2025-10-16 04:00:00,5174,107,2
1378,2025-07-02 08:00:00,5174,110,1
1379,2025-08-20 11:00:00,5006,108,4
1380,2025-10-05 02:00:00,5163,109,2
1381,2025-10-25 18:00:00,5187,101,4
1382,2025-01-19 02:00:00,5178,109,4
1383,2025-02-08 03:00:00,5059,107,3
1384,2025-11-30 09:00:00,5082,108,2
1385,2025-01-04 01:00:00,5166,102,1
1386,2025-09-05 02:00:00,5148,103,1
1387,2025-06-07 16:00:00,5189,101,2
1388,2025-04-25 13:00:00,5141,101,3
1389,2025-05-09 08:00:00,5075,102,4
1390,2025-07-29 20:00:00,5156,109,1
1391,2025-03-14 22:00:00,5089,109,3
1392,2025-07-12 22:00:00,5143,103,3
1393,2025-03-11 17:00:00,5113,104,2
1394,2025-04-22 18:00:00,5157,101,1
1395,2025-11-19 16:00:00,5129,101,1
1396,2025-06-04 13:00:00,5005,104,3
1397,2025-03-23 07:00:00,5193,105,3
1398,2025-02-21 06:00:00,5068,109,1
1399,2025-08-22 08:00:00,5130,105,1
1400,2025-02-19 10:00:00,5111,107,2
1401,2025-12-28 23:00:00,5192,110,1
1402,2025-04-19 17:00:00,5060,107,4
1403,2025-08-05 22:00:00,5044,103,2
1404,2025-04-13 04:00:00,5026,103,4
1405,2025-11-12 11:00:00,5067,106,2
1406,2025-07-01 22:00:00,5066,107,1
1407,2025-06-12 13:00:00,5051,108,4
1408,2025-07-07 15:00:00,5020,101,3
1409,2025-05-07 18:00:00,5195,106,2
1410,2025-09-27 06:00:00,5066,104,2
1411,2025-03-12 12:00:00,5174,109,1
1412,2025-02-01 15:00:00,5035,108,1
1413,2025-11-03 16:00:00,5039,101,4
1414,2025-06-14 21:00:00,5006,104,1
1415,2025-08-31 04:00:00,5095,105,4
1416,2025-04-05 21:00:00,5116,104,3
1417,2025-04-10 14:00:00,5080,105,1
1418,2025-07-15 18:00:00,5176,109,1
1419,2025-07-13 12:00:00,5026,105,1
1420,2025-02-06 11:00:00,5101,102,1
1421,2025-12-22 10:00:00,5191,104,3
1422,2025-04-27 22:00:00,5097,108,4
1423,2025-06-16 03:00:00,5091,109,2
1424,2025-12-12 16:00:00,5002,104,3
1425,2025-08-02 17:00:00,5081,101,2
1426,2025-08-29 19:00:00,5002,107,4
1427,2025-08-22 11:00:00,5171,107,3
1428,2025-09-04 00:00:00,5160,105,3
1429,2025-06-02 09:00:00,5096,109,4
1430,2025-03-28 10:00:00,5035,110,3
1431,2025-03-24 04:00:00,5109,102,3
1432,2025-08-05 07:00:00,5003,108,2
1433,2025-04-09 23:00:00,5131,103,4
1434,2025-03-04 03:00:00,5128,102,2
1435,2025-07-03 16:00:00,5114,103,3
1436,2025-04-09 18:00:00,5165,106,1
1437,2025-02-12 03:00:00,5107,105,3
1438,2025-07-18 10:00:00,5017,106,2
1439,2025-12-02 04:00:00,5166,109,3
1440,2025-03-10 02:00:00,5051,110,3
1441,2025-09-02 15:00:00,5079,106,2
1442,2025-02-25 06:00:00,5198,110,2
1443,2025-12-25 05:00:00,5038,108,3
1444,2025-05-17 07:00:00,5009,102,4
1445,2025-07-30 17:00:00,5088,108,1
1446,2025-08-19 01:00:00,5045,103,3
1447,2025-07-10 05:00:00,5011,103,4
1448,2025-04-03 22:00:00,5149,109,2
1449,2025-06-29 09:00:00,5184,107,1
1450,2025-08-27 09:00:00,5177,107,3
1451,2025-08-02 20:00:00,5083,108,1
1452,2025-01-12 20:00:00,5102,101,3
1453,2025-02-27 08:00:00,5061,108,1
1454,2025-11-06 01:00:00,5104,102,1
1455,2025-01-03 09:00:00,5184,107,3
1456,2025-07-03 06:00:00,5090,107,1
1457,2025-06-30 07:00:00,5197,105,2
1458,2025-09-11 21:00:00,5114,104,3
1459,2025-05-24 18:00:00,5069,110,3
1460,2025-04-14 08:00:00,5150,103,3
1461,2025-01-29 16:00:00,5071,108,2
1462,2025-03-23 18:00:00,5053,108,3
1463,2025-07-11 02:00:00,5090,110,1
1464,2025-03-05 21:00:00,5183,101,2
1465,2025-07-11 05:00:00,5167,109,1
1466,2025-10-07 22:00:00,5111,110,2
1467,2025-03-11 15:00:00,5199,110,1
1468,2025-06-29 21:00:00,5139,103,2
1469,2025-06-13 02:00:00,5193,107,3
1470,2025-06-26 19:00:00,5130,110,1
1471,2025-01-10 07:00:00,5111,110,2
1472,2025-09-02 00:00:00,5190,101,3
1473,2025-02-18 19:00:00,5099,101,4
1474,2025-08-25 08:00:00,5176,108,4
1475,2025-02-22 23:00:00,5154,108,3
1476,2025-12-12 13:00:00,5157,110,2
1477,2025-11-23 20:00:00,5150,108,3
1478,2025-02-25 05:00:00,5089,102,3
1479,2025-10-08 05:00:00,5007,108,4
1480,2025-02-05 10:00:00,5100,109,3
1481,2025-12-16 00:00:00,5059,104,3
1482,2025-07-24 16:00:00,5015,110,2
1483,2025-11-16 15:00:00,5031,101,3
1484,2025-08-27 12:00:00,5189,104,4
1485,2025-06-18 16:00:00,5157,105,4
1486,2025-06-08 00:00:00,5037,102,1
1487,2025-10-18 04:00:00,5036,108,4
1488,2025-01-10 09:00:00,5092,108,3
1489,2025-07-13 08:00:00,5140,107,1
1490,2025-06-22 15:00:00,5112,104,3
1491,2025-05-10 18:00:00,5154,107,1
1492,2025-09-22 20:00:00,5033,101,3
1493,2025-09-11 01:00:00,5026,105,4
1494,2025-08-28 22:00:00,5085,106,4
1495,2025-07-22 05:00:00,5091,110,3
1496,2025-12-21 06:00:00,5118,101,3
1497,2025-11-12 09:00:00,5024,108,4
1498,2025-11-07 19:00:00,5090,109,4
1499,2025-05-15 14:00:00,5001,108,3
1500,2025-01-11 01:00:00,5173,103,3
1501,2025-11-17 23:00:00,5181,105,4
1502,2025-08-11 04:00:00,5065,109,4
1503,2025-04-11 03:00:00,5193,104,3
1504,2025-05-20 15:00:00,5097,108,4
1505,2025-02-27 03:00:00,5163,105,2
1506,2025-09-28 17:00:00,5111,109,3
1507,2025-10-21 01:00:00,5190,108,4
1508,2025-08-16 21:00:00,5182,104,3
1509,2025-09-24 21:00:00,5031,109,2
1510,2025-01-22 14:00:00,5129,101,4
1511,2025-06-25 23:00:00,5148,102,3
1512,2025-11-01 15:00:00,5113,105,4
1513,2025-02-20 11:00:00,5105,101,3
1514,2025-12-29 07:00:00,5064,106,3
1515,2025-09-06 11:00:00,5186,109,2
1516,2025-09-12 06:00:00,5080,106,4
1517,2025-10-13 05:00:00,5196,103,1
1518,2025-12-25 03:00:00,5040,108,3
1519,2025-04-23 06:00:00,5047,104,4
1520,2025-12-12 02:00:00,5125,109,2
1521,2025-11-20 06:00:00,5158,104,1
1522,2025-09-01 12:00:00,5096,107,3
1523,2025-11-05 10:00:00,5078,105,3
1524,2025-01-19 06:00:00,5169,110,2
1525,2025-01-24 06:00:00,5116,104,4
1526,2025-11-27 01:00:00,5113,102,1
1527,2025-11-18 13:00:00,5017,110,1
1528,2025-09-08 20:00:00,5133,107,3
1529,2025-11-16 04:00:00,5018,110,3
1530,2025-07-03 05:00:00,5088,101,2
1531,2025-07-01 11:00:00,5067,104,4
1532,2025-04-30 16:00:00,5140,109,1
1533,2025-05-30 03:00:00,5087,110,4
1534,2025-03-04 18:00:00,5165,105,1
1535,2025-07-30 15:00:00,5149,109,2
1536,2025-11-18 04:00:00,5106,102,1
1537,2025-11-23 09:00:00,5143,105,2
1538,2025-02-17 03:00:00,5121,107,2
1539,2025-08-22 18:00:00,5099,109,4
1540,2025-09-03 06:00:00,5122,106,1
1541,2025-04-28 01:00:00,5195,107,4
1542,2025-11-16 23:00:00,5043,106,2
1543,2025-02-20 06:00:00,5149,103,2
1544,2025-11-29 00:00:00,5106,103,1
1545,2025-02-03 03:00:00,5052,104,4
1546,2025-09-29 07:00:00,5038,106,3
1547,2025-06-19 15:00:00,5091,107,1
1548,2025-07-13 00:00:00,5014,108,4
1549,2025-11-23 06:00:00,5075,107,2
1550,2025-12-06 19:00:00,5150,105,3
1551,2025-05-18 15:00:00,5013,109,2
1552,2025-04-15 16:00:00,5045,104,4
1553,2025-07-12 17:00:00,5061,108,1
1554,2025-01-01 00:00:00,5194,104,3
1555,2025-08-18 18:00:00,5146,106,4
1556,2025-06-24 07:00:00,5120,101,4
1557,2025-09-01 15:00:00,5117,106,1
1558,2025-11-23 09:00:00,5055,101,3
1559,2025-01-31 17:00:00,5131,101,2
1560,2025-09-04 03:00:00,5163,104,3
1561,2025-05-13 23:00:00,5128,104,3
1562,2025-01-12 07:00:00,5160,104,3
1563,2025-11-01 10:00:00,5168,102,2
1564,2025-05-20 09:00:00,5027,110,2
1565,2025-11-13 05:00:00,5142,110,2
1566,2025-07-19 04:00:00,5171,110,2
1567,2025-06-06 03:00:00,5151,106,4
1568,2025-04-01 08:00:00,5138,107,2
1569,2025-03-10 10:00:00,5040,106,3
1570,2025-09-07 12:00:00,5166,106,3
1571,2025-10-14 06:00:00,5076,108,3
1572,2025-03-05 13:00:00,5054,108,3
1573,2025-11-10 21:00:00,5173,108,3
1574,2025-04-21 00:00:00,5103,102,4
1575,2025-09-08 01:00:00,5176,107,1
1576,2025-12-23 20:00:00,5093,107,3
1577,2025-12-11 22:00:00,5044,106,1
1578,2025-07-21 23:00:00,5067,106,2
1579,2025-01-16 17:00:00,5049,102,1
1580,2025-08-07 08:00:00,5139,109,3
1581,2025-10-03 21:00:00,5074,104,4
1582,2025-02-02 12:00:00,5061,106,1
1583,2025-04-12 20:00:00,5021,109,1
1584,2025-08-06 17:00:00,5126,101,1
1585,2025-10-03 09:00:00,5147,102,4
1586,2025-10-25 05:00:00,5069,108,2
1587,2025-05-23 23:00:00,5196,101,1
1588,2025-09-26 18:00:00,5079,108,4
1589,2025-12-12 20:00:00,5148,109,3
1590,2025-08-21 07:00:00,5100,104,4
1591,2025-03-11 05:00:00,5082,105,2
1592,2025-11-03 05:00:00,5155,103,1
1593,2025-11-06 16:00:00,5043,109,1
1594,2025-03-15 12:00:00,5104,102,1
1595,2025-04-24 19:00:00,5163,106,2
1596,2025-08-28 22:00:00,5050,105,1
1597,2025-07-04 03:00:00,5133,110,1
1598,2025-10-13 06:00:00,5070,107,2
1599,2025-08-04 05:00:00,5081,107,3
1600,2025-09-12 00:00:00,5058,102,4
1601,2025-09-23 17:00:00,5185,102,2
1602,2025-04-08 02:00:00,5077,106,4
1603,2025-11-06 23:00:00,5135,105,1
1604,2025-09-11 12:00:00,5017,105,1
1605,2025-02-27 06:00:00,5027,102,1
1606,2025-08-15 13:00:00,5076,105,1
1607,2025-09-14 12:00:00,5005,107,3
1608,2025-03-28 06:00:00,5117,108,2
1609,2025-01-02 01:00:00,5015,107,1
1610,2025-11-02 19:00:00,5007,104,4
1611,2025-10-29 03:00:00,5175,107,3
1612,2025-12-09 19:00:00,5050,110,2
1613,2025-12-27 03:00:00,5189,110,1
1614,2025-02-27 15:00:00,5048,110,3
1615,2025-02-14 11:00:00,5025,108,2
1616,2025-07-11 07:00:00,5039,102,2
1617,2025-03-23 21:00:00,5153,101,3
1618,2025-02-22 23:00:00,5125,103,1
1619,2025-02-19 15:00:00,5109,105,3
1620,2025-03-12 17:00:00,5144,104,3
1621,2025-05-14 08:00:00,5143,108,2
1622,2025-01-09 16:00:00,5006,104,2
1623,2025-06-18 14:00:00,5032,109,1
1624,2025-12-06 02:00:00,5082,107,2
1625,2025-05-18 22:00:00,5120,108,1
1626,2025-06-10 04:00:00,5169,101,3
1627,2025-08-04 17:00:00,5091,108,1
1628,2025-06-07 08:00:00,5124,109,1
1629,2025-11-06 18:00:00,5024,108,1
1630,2025-04-03 18:00:00,5148,106,3
1631,2025-06-23 19:00:00,5104,102,1
1632,2025-10-17 05:00:00,5042,103,4
1633,2025-12-20 20:00:00,5126,105,2
1634,2025-11-14 13:00:00,5149,104,3
1635,2025-05-02 21:00:00,5175,103,1
1636,2025-03-29 04:00:00,5008,110,1
1637,2025-04-22 19:00:00,5152,104,1
1638,2025-01-31 18:00:00,5097,110,1
1639,2025-12-23 13:00:00,5068,105,2
1640,2025-11-20 19:00:00,5037,108,2
1641,2025-08-10 12:00:00,5110,104,3
1642,2025-12-26 22:00:00,5018,105,3
1643,2025-09-27 05:00:00,5094,101,1
1644,2025-01-29 13:00:00,5108,106,1
1645,2025-08-22 21:00:00,5027,109,2
1646,2025-02-16 13:00:00,5099,104,2
1647,2025-11-24 15:00:00,5163,102,2
1648,2025-01-10 04:00:00,5132,108,4
1649,2025-09-17 06:00:00,5162,108,3
1650,2025-06-12 02:00:00,5052,108,2
1651,2025-10-07 07:00:00,5199,109,4
1652,2025-02-09 15:00:00,5006,110,3
1653,2025-02-13 22:00:00,5105,103,3
1654,2025-06-18 07:00:00,5174,110,2
1655,2025-11-29 05:00:00,5005,107,4
1656,2025-08-06 15:00:00,5152,101,3
1657,2025-11-16 05:00:00,5041,107,4
1658,2025-06-24 15:00:00,5182,109,1
1659,2025-07-04 10:00:00,5143,101,1
1660,2025-06-15 15:00:00,5178,107,4
1661,2025-11-17 10:00:00,5118,108,1
1662,2025-08-26 23:00:00,5051,108,4
1663,2025-07-05 14:00:00,5151,104,1
1664,2025-04-10 13:00:00,5192,102,4
1665,2025-11-09 18:00:00,5169,109,4
1666,2025-11-16 21:00:00,5174,102,1
1667,2025-06-08 16:00:00,5051,105,1
1668,2025-02-01 13:00:00,5193,108,2
1669,2025-06-14 21:00:00,5025,107,3
1670,2025-08-08 16:00:00,5048,106,1
1671,2025-11-07 17:00:00,5063,101,3
1672,2025-08-22 11:00:00,5052,103,1
1673,2025-06-12 15:00:00,5157,101,3
1674,2025-05-18 00:00:00,5132,107,2
1675,2025-12-10 04:00:00,5076,108,2
1676,2025-11-25 04:00:00,5138,104,4
1677,2025-01-30 17:00:00,5000,109,4
1678,2025-11-09 18:00:00,5154,110,4
1679,2025-04-05 20:00:00,5071,109,2
1680,2025-09-06 06:00:00,5169,104,4
1681,2025-12-25 19:00:00,5087,104,4
1682,2025-03-25 00:00:00,5041,105,3
1683,2025-08-11 01:00:00,5132,103,1
1684,2025-12-09 12:00:00,5136,105,3
1685,2025-11-09 22:00:00,5109,109,4
1686,2025-06-24 06:00:00,5148,109,3
1687,2025-03-31 15:00:00,5075,107,2
1688,2025-07-03 08:00:00,5128,107,4
1689,2025-05-31 18:00:00,5146,105,4
1690,2025-01-08 17:00:00,5025,104,3
1691,2025-11-29 04:00:00,5059,107,2
1692,2025-09-27 22:00:00,5156,101,3
1693,2025-01-15 21:00:00,5115,102,2
1694,2025-12-19 21:00:00,5138,107,4
1695,2025-01-01 00:00:00,5183,109,4
1696,2025-11-28 15:00:00,5167,107,1
1697,2025-04-22 08:00:00,5168,109,3
1698,2025-02-03 12:00:00,5090,105,3
1699,2025-06-14 18:00:00,5121,107,1
1700,2025-09-19 07:00:00,5019,105,3
1701,2025-04-17 08:00:00,5140,104,2
1702,2025-08-28 05:00:00,5169,110,4
1703,2025-05-27 22:00:00,5089,106,3
1704,2025-04-12 18:00:00,5004,107,3
1705,2025-03-29 06:00:00,5088,105,4
1706,2025-10-02 21:00:00,5197,109,3
1707,2025-09-16 04:00:00,5069,107,3
1708,2025-09-09 15:00:00,5027,103,4
1709,2025-06-16 02:00:00,5139,102,3
1710,2025-08-16 06:00:00,5126,104,4
1711,2025-09-11 18:00:00,5180,106,1
1712,2025-06-01 03:00:00,5147,101,4
1713,2025-03-23 23:00:00,5196,108,4
1714,2025-10-28 17:00:00,5122,109,2
1715,2025-08-12 17:00:00,5168,108,3
1716,2025-08-10 20:00:00,5103,108,3
1717,2025-01-22 01:00:00,5002,104,1
1718,2025-05-26 20:00:00,5155,108,2
1719,2025-11-05 06:00:00,5017,104,1
1720,2025-12-08 00:00:00,5019,109,2
1721,2025-06-25 20:00:00,5094,108,4
1722,2025-04-03 03:00:00,5082,110,4
1723,2025-07-08 00:00:00,5110,103,4
1724,2025-03-06 11:00:00,5051,106,1
1725,2025-05-04 06:00:00,5068,107,1
1726,2025-03-10 10:00:00,5075,101,3
1727,2025-03-25 07:00:00,5069,101,3
1728,2025-02-14 19:00:00,5038,101,2
1729,2025-10-16 03:00:00,5194,101,3
1730,2025-05-19 19:00:00,5067,103,2
1731,2025-10-07 23:00:00,5021,107,1
1732,2025-09-10 08:00:00,5013,109,1
1733,2025-09-12 16:00:00,5051,104,2
1734,2025-03-26 02:00:00,5016,106,3
1735,2025-02-12 16:00:00,5060,110,3
1736,2025-12-27 06:00:00,5083,105,3
1737,2025-06-27 05:00:00,5099,104,1
1738,2025-07-29 07:00:00,5049,106,4
1739,2025-10-19 02:00:00,5160,107,2
1740,2025-11-26 03:00:00,5153,102,4
1741,2025-04-07 12:00:00,5108,105,3
1742,2025-09-05 03:00:00,5087,105,4
1743,2025-09-24 09:00:00,5165,101,1
1744,2025-03-17 18:00:00,5075,107,1
1745,2025-02-15 14:00:00,5019,102,4
1746,2025-07-22 10:00:00,5083,106,1
1747,2025-08-03 09:00:00,5082,108,2
1748,2025-01-20 07:00:00,5049,107,1
1749,2025-12-25 07:00:00,5122,102,2
1750,2025-09-03 05:00:00,5051,110,3
1751,2025-05-22 02:00:00,5014,102,3
1752,2025-08-30 18:00:00,5172,107,1
1753,2025-10-19 16:00:00,5099,108,3
1754,2025-07-15 11:00:00,5074,110,4
1755,2025-03-02 22:00:00,5081,106,3
1756,2025-04-18 12:00:00,5113,102,3
1757,2025-10-27 13:00:00,5161,103,4
1758,2025-03-13 12:00:00,5187,106,1
1759,2025-03-17 05:00:00,5105,110,1
1760,2025-08-21 19:00:00,5087,105,4
1761,2025-10-08 20:00:00,5082,105,4
1762,2025-03-02 16:00:00,5013,101,4
1763,2025-04-19 12:00:00,5062,110,3
1764,2025-05-03 09:00:00,5075,103,2
1765,2025-02-14 12:00:00,5050,110,4
1766,2025-04-21 22:00:00,5131,105,2
1767,2025-06-26 11:00:00,5104,103,2
1768,2025-08-22 11:00:00,5055,103,4
1769,2025-07-06 09:00:00,5028,104,3
1770,2025-03-04 02:00:00,5160,101,4
1771,2025-12-19 10:00:00,5041,109,4
1772,2025-08-21 15:00:00,5001,108,4
1773,2025-10-30 06:00:00,5077,104,3
1774,2025-02-22 06:00:00,5191,108,3
1775,2025-12-03 04:00:00,5066,103,4
1776,2025-12-30 08:00:00,5090,110,3
1777,2025-07-26 14:00:00,5111,106,1
1778,2025-05-18 16:00:00,5069,110,3
1779,2025-09-06 20:00:00,5013,107,3
1780,2025-03-31 15:00:00,5199,101,1
1781,2025-07-05 05:00:00,5006,102,1
1782,2025-11-08 02:00:00,5117,106,3
1783,2025-02-07 22:00:00,5023,109,4
1784,2025-02-24 03:00:00,5138,110,2
1785,2025-04-30 21:00:00,5065,107,3
1786,2025-08-11 10:00:00,5082,101,2
1787,2025-03-01 22:00:00,5060,101,3
1788,2025-09-10 20:00:00,5136,108,3
1789,2025-01-02 16:00:00,5119,107,2
1790,2025-01-16 09:00:00,5141,106,4
1791,2025-03-30 01:00:00,5053,106,4
1792,2025-11-08 07:00:00,5031,105,2
1793,2025-11-29 04:00:00,5157,108,4
1794,2025-08-04 01:00:00,5084,102,1
1795,2025-06-10 19:00:00,5174,104,4
1796,2025-06-07 00:00:00,5159,102,2
1797,2025-03-23 05:00:00,5118,104,3
1798,2025-05-14 16:00:00,5127,109,1
1799,2025-04-22 08:00:00,5123,109,2
1800,2025-06-26 01:00:00,5080,109,3
1801,2025-08-06 19:00:00,5112,108,2
1802,2025-03-11 22:00:00,5129,110,4
1803,2025-01-23 01:00:00,5117,108,2
1804,2025-09-16 09:00:00,5123,107,1
1805,2025-04-01 20:00:00,5111,106,4
1806,2025-11-02 16:00:00,5028,103,2
1807,2025-11-05 14:00:00,5072,104,1
1808,2025-09-10 15:00:00,5118,105,4
1809,2025-04-23 18:00:00,5025,106,4
1810,2025-09-06 05:00:00,5078,110,3
1811,2025-03-24 02:00:00,5178,105,1
1812,2025-04-19 13:00:00,5028,110,2
1813,2025-08-04 10:00:00,5129,106,3
1814,2025-11-30 06:00:00,5142,102,3
1815,2025-02-11 03:00:00,5150,110,4
1816,2025-10-05 12:00:00,5061,106,3
1817,2025-03-13 17:00:00,5090,105,4
1818,2025-08-12 22:00:00,5092,102,2
1819,2025-11-21 08:00:00,5101,106,4
1820,2025-04-17 00:00:00,5092,104,2
1821,2025-09-07 03:00:00,5024,102,2
1822,2025-09-30 14:00:00,5024,104,4
1823,2025-12-06 01:00:00,5147,105,4
1824,2025-02-06 04:00:00,5115,101,1
1825,2025-05-18 01:00:00,5017,108,2
1826,2025-05-01 12:00:00,5009,105,4
1827,2025-11-13 05:00:00,5029,106,4
1828,2025-11-06 21:00:00,5089,106,2
1829,2025-12-28 19:00:00,5046,110,4
1830,2025-01-28 10:00:00,5064,107,3
1831,2025-12-23 21:00:00,5013,101,1
1832,2025-08-06 19:00:00,5137,103,4
1833,2025-10-26 20:00:00,5131,102,2
1834,2025-02-13 08:00:00,5000,103,4
1835,2025-03-17 18:00:00,5029,106,1
1836,2025-04-25 06:00:00,5009,109,1
1837,2025-06-04 20:00:00,5050,110,3
1838,2025-08-26 15:00:00,5175,107,4
1839,2025-12-20 03:00:00,5089,109,1
1840,2025-03-08 18:00:00,5192,105,3
1841,2025-10-23 09:00:00,5136,103,4
1842,2025-10-10 05:00:00,5058,110,2
1843,2025-01-24 23:00:00,5036,101,2
1844,2025-10-06 23:00:00,5069,102,3
1845,2025-10-07 18:00:00,5144,108,3
1846,2025-12-29 22:00:00,5056,103,1
1847,2025-09-24 07:00:00,5182,101,4
1848,2025-05-01 16:00:00,5071,101,1
1849,2025-08-14 16:00:00,5030,104,1
1850,2025-10-08 09:00:00,5072,101,1
1851,2025-12-19 16:00:00,5196,103,4
1852,2025-11-25 22:00:00,5024,105,1
1853,2025-12-18 22:00:00,5129,102,1
1854,2025-05-27 20:00:00,5014,108,4
1855,2025-01-31 04:00:00,5017,101,1
1856,2025-10-28 21:00:00,5116,101,1
1857,2025-11-01 11:00:00,5040,101,4
1858,2025-12-11 22:00:00,5144,102,3
1859,2025-11-20 03:00:00,5118,105,4
1860,2025-05-20 11:00:00,5039,108,4
1861,2025-03-18 21:00:00,5034,110,1
1862,2025-05-23 18:00:00,5176,109,3
1863,2025-03-08 07:00:00,5047,104,3
1864,2025-09-06 09:00:00,5034,106,3
1865,2025-09-22 20:00:00,5104,104,4
1866,2025-08-15 07:00:00,5051,103,4
1867,2025-12-10 01:00:00,5046,110,3
1868,2025-08-08 16:00:00,5068,109,2
1869,2025-11-25 20:00:00,5126,105,3
1870,2025-10-21 18:00:00,5190,107,2
1871,2025-11-05 00:00:00,5099,101,4
1872,2025-06-25 21:00:00,5020,101,3
1873,2025-08-03 03:00:00,5095,109,3
1874,2025-01-17 13:00:00,5052,107,1
1875,2025-12-13 01:00:00,5174,109,4
1876,2025-04-08 21:00:00,5047,104,3
1877,2025-12-19 19:00:00,5121,102,1
1878,2025-03-24 11:00:00,5166,104,3
1879,2025-09-05 15:00:00,5188,110,2
1880,2025-06-22 07:00:00,5173,106,2
1881,2025-03-03 03:00:00,5116,108,2
1882,2025-01-26 03:00:00,5139,107,2
1883,2025-01-16 05:00:00,5197,105,4
1884,2025-06-30 23:00:00,5143,108,2
1885,2025-07-01 04:00:00,5103,101,2
1886,2025-09-09 03:00:00,5197,104,4
1887,2025-03-13 22:00:00,5029,101,2
1888,2025-03-21 14:00:00,5021,107,3
1889,2025-06-25 14:00:00,5036,107,3
1890,2025-08-10 08:00:00,5196,102,1
1891,2025-09-21 03:00:00,5048,110,1
1892,2025-12-13 08:00:00,5153,102,4
1893,2025-12-23 05:00:00,5169,102,1
1894,2025-08-02 07:00:00,5183,103,1
1895,2025-11-25 18:00:00,5148,101,2
1896,2025-05-31 07:00:00,5157,101,4
1897,2025-05-17 13:00:00,5016,109,4
1898,2025-11-22 23:00:00,5037,110,3
1899,2025-04-08 17:00:00,5024,108,4
1900,2025-03-25 04:00:00,5145,101,1
1901,2025-11-14 05:00:00,5107,105,3
1902,2025-11-14 21:00:00,5161,104,3
1903,2025-02-03 16:00:00,5096,106,4
1904,2025-07-02 03:00:00,5111,105,4
1905,2025-01-18 07:00:00,5100,106,4
1906,2025-10-17 19:00:00,5109,110,1
1907,2025-11-18 13:00:00,5051,103,2
1908,2025-07-12 16:00:00,5070,105,1
1909,2025-08-30 00:00:00,5156,105,3
1910,2025-02-22 14:00:00,5169,105,3
1911,2025-12-01 06:00:00,5152,106,3
1912,2025-01-27 03:00:00,5173,107,4
1913,2025-11-17 22:00:00,5010,101,3
1914,2025-03-08 16:00:00,5021,102,1
1915,2025-12-17 01:00:00,5050,108,2
1916,2025-09-20 23:00:00,5023,102,2
1917,2025-04-16 03:00:00,5145,106,3
1918,2025-09-16 04:00:00,5198,102,1
1919,2025-12-25 13:00:00,5085,106,2
1920,2025-02-06 18:00:00,5029,101,4
1921,2025-09-28 11:00:00,5128,102,4
1922,2025-12-09 15:00:00,5142,110,2
1923,2025-04-02 22:00:00,5006,101,4
1924,2025-02-28 14:00:00,5151,102,1
1925,2025-06-10 01:00:00,5083,104,3
1926,2025-01-22 21:00:00,5178,109,2
1927,2025-10-02 08:00:00,5065,106,3
1928,2025-04-14 12:00:00,5071,110,3
1929,2025-01-04 09:00:00,5159,102,4
1930,2025-11-18 10:00:00,5056,101,3
1931,2025-07-09 20:00:00,5137,108,1
1932,2025-09-04 06:00:00,5024,109,4
1933,2025-06-02 09:00:00,5141,104,3
1934,2025-09-23 20:00:00,5025,102,2
1935,2025-03-20 03:00:00,5117,105,2
1936,2025-01-01 04:00:00,5069,102,4
1937,2025-08-02 15:00:00,5011,109,1
1938,2025-11-18 00:00:00,5045,108,1
1939,2025-06-16 15:00:00,5094,105,1
1940,2025-03-18 23:00:00,5033,108,3
1941,2025-06-14 07:00:00,5127,109,2
1942,2025-08-11 01:00:00,5160,104,1
1943,2025-12-14 07:00:00,5059,104,4
1944,2025-06-19 02:00:00,5054,110,3
1945,2025-10-22 10:00:00,5028,105,4
1946,2025-05-20 15:00:00,5157,102,1
1947,2025-06-13 01:00:00,5114,109,4
1948,2025-08-23 10:00:00,5149,107,4
1949,2025-10-05 20:00:00,5146,109,2
1950,2025-10-01 11:00:00,5050,103,2
1951,2025-02-16 12:00:00,5088,107,3
1952,2025-12-06 10:00:00,5191,105,2
1953,2025-01-12 20:00:00,5155,110,1
1954,2025-06-15 09:00:00,5151,109,3
1955,2025-03-04 08:00:00,5136,110,3
1956,2025-08-31 23:00:00,5134,110,4
1957,2025-07-30 05:00:00,5034,104,3
1958,2025-09-21 11:00:00,5121,106,1
1959,2025-12-26 14:00:00,5136,109,4
1960,2025-02-04 15:00:00,5101,110,3
1961,2025-08-07 08:00:00,5075,109,3
1962,2025-08-20 02:00:00,5118,102,3
1963,2025-01-12 01:00:00,5046,107,2
1964,2025-09-15 18:00:00,5006,105,3
1965,2025-04-19 20:00:00,5149,102,2
1966,2025-09-05 20:00:00,5149,109,1
1967,2025-07-04 03:00:00,5035,103,1
1968,2025-12-24 09:00:00,5159,105,3
1969,2025-04-03 17:00:00,5027,106,2
1970,2025-07-06 15:00:00,5145,106,1
1971,2025-07-12 00:00:00,5090,109,4
1972,2025-10-03 12:00:00,5049,101,2
1973,2025-09-15 14:00:00,5015,103,3
1974,2025-12-25 19:00:00,5148,103,4
1975,2025-08-13 03:00:00,5131,106,1
1976,2025-11-21 06:00:00,5134,105,4
1977,2025-12-21 04:00:00,5184,107,1
1978,2025-03-04 23:00:00,5171,104,3
1979,2025-11-05 15:00:00,5139,108,4
1980,2025-05-09 13:00:00,5050,109,3
1981,2025-02-07 02:00:00,5026,104,4
1982,2025-07-23 22:00:00,5175,101,4
1983,2025-01-06 20:00:00,5122,104,1
1984,2025-11-18 04:00:00,5128,107,1
1985,2025-05-13 03:00:00,5080,106,3
1986,2025-09-16 23:00:00,5147,107,2
1987,2025-09-16 06:00:00,5000,108,1
1988,2025-10-24 01:00:00,5070,102,4
1989,2025-03-23 17:00:00,5119,104,4
1990,2025-03-13 20:00:00,5096,108,1
1991,2025-03-27 02:00:00,5007,103,3
1992,2025-03-02 06:00:00,5159,106,2
1993,2025-06-01 09:00:00,5002,106,4
1994,2025-01-05 06:00:00,5126,104,3
1995,2025-11-17 04:00:00,5031,101,3
1996,2025-11-10 23:00:00,5157,106,2
1997,2025-09-13 21:00:00,5126,104,4
1998,2025-06-21 16:00:00,5099,107,2
1999,2025-02-09 02:00:00,5069,103,3
2000,2025-10-02 01:00:00,5140,102,2
2001,2025-08-16 16:00:00,5101,109,1
2002,2025-12-22 15:00:00,5142,102,4
2003,2025-12-02 19:00:00,5000,101,1
2004,2025-07-11 19:00:00,5065,101,2
2005,2025-07-25 08:00:00,5057,102,3
2006,2025-01-06 15:00:00,5013,102,2
2007,2025-03-07 09:00:00,5005,106,2
2008,2025-10-30 12:00:00,5047,101,1
2009,2025-07-15 23:00:00,5104,107,2
2010,2025-02-03 01:00:00,5156,103,2
2011,2025-01-01 23:00:00,5081,108,2
2012,2025-06-16 18:00:00,5164,102,3
2013,2025-06-01 13:00:00,5023,102,1
2014,2025-12-04 02:00:00,5020,110,1
2015,2025-05-23 07:00:00,5171,109,1
2016,2025-06-07 07:00:00,5135,107,2
2017,2025-10-22 20:00:00,5015,102,1
2018,2025-10-07 18:00:00,5151,101,4
2019,2025-09-04 04:00:00,5109,110,4
2020,2025-07-11 07:00:00,5078,107,2
2021,2025-08-08 23:00:00,5092,104,1
2022,2025-11-26 19:00:00,5168,106,4
2023,2025-08-05 06:00:00,5125,106,3
2024,2025-08-31 06:00:00,5183,106,1
2025,2025-06-03 04:00:00,5104,106,2
2026,2025-01-27 15:00:00,5150,104,1
2027,2025-10-23 11:00:00,5133,101,3
2028,2025-08-10 16:00:00,5119,106,4
2029,2025-11-24 07:00:00,5171,110,4
2030,2025-04-24 19:00:00,5099,106,4
2031,2025-07-06 00:00:00,5031,105,3
2032,2025-04-20 12:00:00,5106,105,4
2033,2025-06-08 01:00:00,5038,105,3
2034,2025-09-08 18:00:00,5173,104,4
2035,2025-09-28 22:00:00,5186,108,4
2036,2025-03-22 09:00:00,5008,105,2
2037,2025-01-01 18:00:00,5045,105,3
2038,2025-08-06 11:00:00,5196,103,3
2039,2025-08-08 05:00:00,5156,107,4
2040,2025-11-28 22:00:00,5003,107,3
2041,2025-05-10 00:00:00,5057,109,2
2042,2025-04-14 12:00:00,5175,102,4
2043,2025-02-02 03:00:00,5032,109,4
2044,2025-01-18 22:00:00,5143,109,4
2045,2025-01-02 16:00:00,5102,106,1
2046,2025-10-12 05:00:00,5018,101,2
2047,2025-02-09 01:00:00,5008,106,2
2048,2025-11-04 11:00:00,5062,101,3
2049,2025-04-21 06:00:00,5194,107,3
2050,2025-12-26 16:00:00,5168,102,2
2051,2025-05-04 12:00:00,5061,101,1
2052,2025-12-15 07:00:00,5123,108,3
2053,2025-09-30 18:00:00,5078,110,2
2054,2025-02-13 20:00:00,5033,105,2
2055,2025-09-29 05:00:00,5125,103,3
2056,2025-05-26 17:00:00,5148,101,2
2057,2025-08-18 05:00:00,5088,110,4
2058,2025-10-23 02:00:00,5115,109,2
2059,2025-01-23 01:00:00,5127,101,1
2060,2025-11-25 07:00:00,5076,107,2
2061,2025-12-28 19:00:00,5057,104,3
2062,2025-05-18 08:00:00,5173,101,4
2063,2025-01-12 23:00:00,5091,107,1
2064,2025-03-12 13:00:00,5014,106,3
2065,2025-07-07 11:00:00,5187,109,3
2066,2025-08-04 02:00:00,5115,104,1
2067,2025-06-14 16:00:00,5094,105,1
2068,2025-10-02 08:00:00,5093,104,2
2069,2025-06-13 00:00:00,5141,110,2
2070,2025-09-25 01:00:00,5062,101,4
2071,2025-03-23 23:00:00,5068,105,4
2072,2025-05-04 13:00:00,5003,102,3
2073,2025-12-10 19:00:00,5068,101,2
2074,2025-12-20 01:00:00,5089,102,3
2075,2025-04-27 23:00:00,5033,108,4
2076,2025-12-29 08:00:00,5043,107,2
2077,2025-08-30 06:00:00,5144,109,2
2078,2025-10-03 05:00:00,5083,109,4
2079,2025-08-01 07:00:00,5163,101,1
2080,2025-04-19 05:00:00,5167,101,3
2081,2025-10-12 23:00:00,5160,110,4
2082,2025-07-06 12:00:00,5196,105,1
2083,2025-12-21 12:00:00,5173,103,4
2084,2025-08-25 13:00:00,5182,106,1
2085,2025-04-04 14:00:00,5136,102,4
2086,2025-11-10 06:00:00,5190,105,4
2087,2025-08-07 11:00:00,5084,104,3
2088,2025-05-05 04:00:00,5154,105,3
2089,2025-06-08 10:00:00,5068,109,2
2090,2025-08-06 16:00:00,5171,107,3
2091,2025-05-25 16:00:00,5035,106,3
2092,2025-04-14 01:00:00,5135,101,2
2093,2025-10-30 07:00:00,5056,109,4
2094,2025-11-06 13:00:00,5007,103,1
2095,2025-11-03 10:00:00,5051,108,2
2096,2025-12-12 19:00:00,5041,110,2
2097,2025-11-16 06:00:00,5073,103,4
2098,2025-08-31 09:00:00,5060,110,4
2099,2025-08-18 20:00:00,5149,108,4
2100,2025-03-19 17:00:00,5082,101,4
2101,2025-08-07 23:00:00,5028,108,3
2102,2025-04-10 05:00:00,5125,109,1
2103,2025-11-21 00:00:00,5076,101,4
2104,2025-03-02 12:00:00,5172,103,1
2105,2025-01-24 13:00:00,5066,105,4
2106,2025-09-22 22:00:00,5039,110,3
2107,2025-09-29 18:00:00,5117,105,4
2108,2025-10-10 05:00:00,5021,108,1
2109,2025-11-04 11:00:00,5146,103,4
2110,2025-12-12 00:00:00,5000,103,3
2111,2025-03-23 06:00:00,5033,109,2
2112,2025-07-28 15:00:00,5040,104,4
2113,2025-02-16 16:00:00,5145,110,2
2114,2025-01-06 08:00:00,5017,103,2
2115,2025-01-06 15:00:00,5106,109,1
2116,2025-08-21 09:00:00,5185,105,1
2117,2025-04-22 23:00:00,5023,102,3
2118,2025-04-16 16:00:00,5136,108,4
2119,2025-01-24 13:00:00,5144,107,2
2120,2025-01-29 07:00:00,5076,103,2
2121,2025-06-05 21:00:00,5069,103,2
2122,2025-05-23 07:00:00,5090,109,2
2123,2025-05-11 08:00:00,5008,104,1
2124,2025-05-25 13:00:00,5108,103,1
2125,2025-07-02 07:00:00,5077,109,2
2126,2025-09-02 21:00:00,5058,105,1
2127,2025-02-03 18:00:00,5105,110,1
2128,2025-02-26 23:00:00,5114,108,3
2129,2025-02-09 03:00:00,5040,101,3
2130,2025-02-12 06:00:00,5029,108,2
2131,2025-02-01 04:00:00,5008,103,4
2132,2025-04-10 03:00:00,5186,105,2
2133,2025-07-23 17:00:00,5007,106,1
2134,2025-07-09 08:00:00,5130,107,1
2135,2025-01-19 13:00:00,5092,109,1
2136,2025-04-29 16:00:00,5187,103,4
2137,2025-02-16 05:00:00,5095,105,3
2138,2025-02-19 09:00:00,5120,102,4
2139,2025-01-27 02:00:00,5080,102,2
2140,2025-02-25 10:00:00,5179,107,3
2141,2025-08-05 04:00:00,5071,106,3
2142,2025-06-16 16:00:00,5017,102,4
2143,2025-01-01 00:00:00,5095,103,3
2144,2025-08-10 15:00:00,5061,106,4
2145,2025-10-12 18:00:00,5117,103,3
2146,2025-02-24 10:00:00,5185,110,1
2147,2025-02-02 20:00:00,5189,110,4
2148,2025-04-03 11:00:00,5152,102,4
2149,2025-01-09 17:00:00,5012,108,1
2150,2025-07-27 16:00:00,5152,107,3
2151,2025-08-29 10:00:00,5163,104,1
2152,2025-06-24 06:00:00,5104,107,4
2153,2025-01-24 09:00:00,5133,105,1
2154,2025-12-24 16:00:00,5181,101,2
2155,2025-05-28 16:00:00,5101,104,4
2156,2025-10-12 06:00:00,5052,104,2
2157,2025-05-09 13:00:00,5183,110,1
2158,2025-07-22 06:00:00,5139,107,2
2159,2025-01-21 10:00:00,5011,101,2
2160,2025-04-26 02:00:00,5099,108,1
2161,2025-08-19 01:00:00,5170,110,1
2162,2025-08-27 22:00:00,5046,103,1
2163,2025-10-27 17:00:00,5177,106,2
2164,2025-08-09 01:00:00,5163,105,2
2165,2025-01-04 09:00:00,5080,110,3
2166,2025-07-17 19:00:00,5139,102,4
2167,2025-02-02 15:00:00,5022,110,1
2168,2025-08-14 00:00:00,5161,110,4
2169,2025-08-31 09:00:00,5095,104,1
2170,2025-08-27 18:00:00,5180,105,1
2171,2025-04-26 04:00:00,5117,110,1
2172,2025-08-08 23:00:00,5056,101,4
2173,2025-08-21 20:00:00,5092,110,4
2174,2025-03-18 15:00:00,5019,103,1
2175,2025-03-18 18:00:00,5035,108,3
2176,2025-12-01 13:00:00,5030,110,4
2177,2025-05-14 18:00:00,5110,107,3
2178,2025-08-20 21:00:00,5171,108,1
2179,2025-06-29 04:00:00,5181,110,2
2180,2025-06-11 16:00:00,5095,103,4
2181,2025-10-26 01:00:00,5005,106,4
2182,2025-12-06 02:00:00,5117,105,4
2183,2025-02-18 17:00:00,5177,108,3
2184,2025-01-25 04:00:00,5025,110,4
2185,2025-11-29 19:00:00,5088,104,4
2186,2025-08-19 03:00:00,5033,106,4
2187,2025-08-19 11:00:00,5098,105,3
2188,2025-01-28 15:00:00,5150,104,2
2189,2025-02-18 22:00:00,5192,104,2
2190,2025-09-04 20:00:00,5077,105,1
2191,2025-06-17 20:00:00,5172,107,3
2192,2025-10-26 17:00:00,5105,107,2
2193,2025-02-16 16:00:00,5014,109,3
2194,2025-06-17 23:00:00,5116,104,2
2195,2025-11-01 08:00:00,5045,106,4
2196,2025-10-10 05:00:00,5126,102,1
2197,2025-11-18 05:00:00,5075,101,2
2198,2025-09-14 16:00:00,5126,110,1
2199,2025-07-14 05:00:00,5036,107,1
2200,2025-05-02 18:00:00,5044,108,3
2201,2025-11-17 08:00:00,5012,109,1
2202,2025-06-19 15:00:00,5189,103,4
2203,2025-10-28 15:00:00,5195,110,3
2204,2025-09-27 18:00:00,5140,101,4
2205,2025-05-11 02:00:00,5069,103,3
2206,2025-12-03 11:00:00,5015,108,3
2207,2025-02-18 21:00:00,5116,107,2
2208,2025-09-21 19:00:00,5118,108,4
2209,2025-10-06 13:00:00,5129,110,2
2210,2025-02-13 10:00:00,5008,106,4
2211,2025-08-04 17:00:00,5153,107,3
2212,2025-10-01 07:00:00,5176,106,3
2213,2025-03-10 17:00:00,5128,109,4
2214,2025-04-30 01:00:00,5173,103,4
2215,2025-08-13 10:00:00,5138,102,4
2216,2025-12-08 05:00:00,5188,102,3
2217,2025-07-06 02:00:00,5088,109,2
2218,2025-03-21 18:00:00,5003,101,4
2219,2025-10-16 15:00:00,5165,108,3
2220,2025-08-12 14:00:00,5069,107,4
2221,2025-12-20 13:00:00,5112,108,1
2222,2025-01-04 05:00:00,5006,106,3
2223,2025-08-30 14:00:00,5079,107,3
2224,2025-07-09 06:00:00,5186,106,4
2225,2025-09-26 16:00:00,5133,107,3
2226,2025-03-10 05:00:00,5026,101,4
2227,2025-07-08 06:00:00,5073,109,4
2228,2025-09-28 21:00:00,5157,105,1
2229,2025-05-09 10:00:00,5012,101,2
2230,2025-06-02 13:00:00,5177,101,3
2231,2025-06-11 22:00:00,5083,102,1
2232,2025-07-08 10:00:00,5192,101,3
2233,2025-07-19 04:00:00,5072,110,2
2234,2025-05-13 13:00:00,5010,105,1
2235,2025-05-20 05:00:00,5089,107,1
2236,2025-08-02 10:00:00,5026,105,4
2237,2025-08-04 00:00:00,5197,102,1
2238,2025-02-14 15:00:00,5107,109,3
2239,2025-03-27 14:00:00,5123,105,1
2240,2025-07-12 16:00:00,5005,110,1
2241,2025-07-11 12:00:00,5152,105,1
2242,2025-02-04 11:00:00,5067,104,2
2243,2025-04-20 01:00:00,5118,105,1
2244,2025-05-17 10:00:00,5019,105,2
2245,2025-05-04 17:00:00,5129,101,4
2246,2025-06-25 18:00:00,5163,110,2
2247,2025-05-18 22:00:00,5153,104,4
2248,2025-01-02 06:00:00,5095,102,1
2249,2025-07-10 02:00:00,5163,110,2
2250,2025-01-16 23:00:00,5019,108,2
2251,2025-01-22 12:00:00,5129,104,4
2252,2025-04-01 18:00:00,5153,107,2
2253,2025-01-04 13:00:00,5116,101,4
2254,2025-03-29 00:00:00,5171,109,4
2255,2025-10-03 23:00:00,5079,110,1
2256,2025-08-18 03:00:00,5112,107,2
2257,2025-09-06 18:00:00,5032,102,1
2258,2025-04-13 01:00:00,5019,101,1
2259,2025-04-09 09:00:00,5174,104,3
2260,2025-01-21 20:00:00,5073,106,1
2261,2025-08-05 01:00:00,5058,107,2
2262,2025-11-17 11:00:00,5078,107,1
2263,2025-12-30 04:00:00,5133,109,4
2264,2025-12-08 17:00:00,5097,108,2
2265,2025-05-13 07:00:00,5141,110,3
2266,2025-07-10 16:00:00,5075,103,1
2267,2025-08-06 09:00:00,5074,106,4
2268,2025-08-24 11:00:00,5033,106,1
2269,2025-07-13 09:00:00,5034,103,3
2270,2025-12-03 01:00:00,5156,108,2
2271,2025-01-15 13:00:00,5177,102,3
2272,2025-04-20 18:00:00,5102,104,2
2273,2025-11-27 13:00:00,5005,106,4
2274,2025-06-05 08:00:00,5046,105,3
2275,2025-05-17 02:00:00,5108,110,2
2276,2025-07-07 09:00:00,5044,101,4
2277,2025-09-14 09:00:00,5160,103,1
2278,2025-11-08 16:00:00,5198,109,3
2279,2025-04-21 06:00:00,5016,104,3
2280,2025-10-06 23:00:00,5014,110,1
2281,2025-06-16 15:00:00,5182,106,3
2282,2025-12-25 22:00:00,5194,109,4
2283,2025-02-27 23:00:00,5106,109,3
2284,2025-03-02 00:00:00,5060,102,2
2285,2025-02-06 17:00:00,5116,104,2
2286,2025-10-20 21:00:00,5109,105,3
2287,2025-09-07 10:00:00,5160,107,3
2288,2025-02-25 13:00:00,5112,105,3
2289,2025-08-05 12:00:00,5095,108,4
2290,2025-10-08 20:00:00,5085,110,4
2291,2025-10-27 06:00:00,5157,106,3
2292,2025-09-20 09:00:00,5115,108,4
2293,2025-10-16 21:00:00,5162,101,1
2294,2025-05-15 03:00:00,5064,107,4
2295,2025-10-31 11:00:00,5189,107,2
2296,2025-09-08 02:00:00,5114,108,1
2297,2025-06-16 18:00:00,5198,103,4
2298,2025-05-08 04:00:00,5078,102,2
2299,2025-05-14 16:00:00,5174,102,4
2300,2025-06-03 17:00:00,5188,105,2
2301,2025-01-01 01:00:00,5151,105,4
2302,2025-02-03 06:00:00,5185,108,4
2303,2025-08-11 13:00:00,5015,104,3
2304,2025-02-06 18:00:00,5008,104,3
2305,2025-09-23 04:00:00,5098,104,4
2306,2025-10-20 13:00:00,5187,106,2
2307,2025-10-03 02:00:00,5075,107,3
2308,2025-07-13 20:00:00,5145,101,4
2309,2025-06-25 00:00:00,5197,107,2
2310,2025-12-23 22:00:00,5014,110,1
2311,2025-02-24 19:00:00,5044,110,4
2312,2025-03-23 02:00:00,5080,104,3
2313,2025-03-06 18:00:00,5143,102,3
2314,2025-06-12 18:00:00,5128,104,2
2315,2025-10-14 03:00:00,5057,104,2
2316,2025-03-21 14:00:00,5149,108,3
2317,2025-06-03 13:00:00,5155,102,3
2318,2025-01-08 19:00:00,5019,105,2
2319,2025-11-17 18:00:00,5097,109,2
2320,2025-11-23 10:00:00,5181,101,1
2321,2025-12-16 14:00:00,5166,108,2
2322,2025-02-23 04:00:00,5114,108,2
2323,2025-07-28 17:00:00,5105,101,3
2324,2025-10-30 15:00:00,5104,108,4
2325,2025-04-23 04:00:00,5085,103,2
2326,2025-11-18 00:00:00,5025,106,4
2327,2025-04-02 00:00:00,5107,110,4
2328,2025-06-05 09:00:00,5116,103,1
2329,2025-01-13 15:00:00,5168,103,4
2330,2025-02-16 18:00:00,5194,105,4
2331,2025-11-17 02:00:00,5020,105,3
2332,2025-05-16 07:00:00,5044,105,4
2333,2025-01-16 20:00:00,5078,106,4
2334,2025-03-29 09:00:00,5074,102,1
2335,2025-07-25 05:00:00,5035,101,3
2336,2025-07-20 12:00:00,5113,109,2
2337,2025-04-29 00:00:00,5166,102,2
2338,2025-02-20 17:00:00,5140,105,3
2339,2025-01-30 08:00:00,5132,104,2
2340,2025-05-17 11:00:00,5065,104,4
2341,2025-06-08 23:00:00,5162,101,3
2342,2025-01-10 16:00:00,5127,107,3
2343,2025-02-23 21:00:00,5101,104,3
2344,2025-07-05 03:00:00,5011,106,4
2345,2025-12-27 17:00:00,5010,101,1
2346,2025-09-08 11:00:00,5029,101,1
2347,2025-02-20 14:00:00,5038,103,4
2348,2025-12-17 18:00:00,5056,102,2
2349,2025-06-03 11:00:00,5065,102,2
2350,2025-02-15 07:00:00,5147,110,3
2351,2025-07-21 01:00:00,5050,110,1
2352,2025-12-09 06:00:00,5120,109,4
2353,2025-07-14 09:00:00,5071,106,1
2354,2025-02-01 14:00:00,5018,105,2
2355,2025-08-13 21:00:00,5022,108,1
2356,2025-03-18 18:00:00,5164,107,2
2357,2025-01-05 07:00:00,5140,101,2
2358,2025-12-19 00:00:00,5195,104,1
2359,2025-05-18 20:00:00,5020,110,1
2360,2025-09-25 15:00:00,5060,108,3
2361,2025-02-14 04:00:00,5044,101,3
2362,2025-06-20 13:00:00,5175,106,4
2363,2025-07-13 08:00:00,5159,110,1
2364,2025-08-15 18:00:00,5006,103,1
2365,2025-08-08 17:00:00,5086,109,4
2366,2025-02-08 22:00:00,5181,101,1
2367,2025-07-13 18:00:00,5034,107,2
2368,2025-09-05 21:00:00,5081,103,3
2369,2025-10-10 16:00:00,5135,104,4
2370,2025-11-20 20:00:00,5149,103,1
2371,2025-09-02 19:00:00,5051,107,1
2372,2025-06-08 07:00:00,5008,109,3
2373,2025-09-19 02:00:00,5153,101,1
2374,2025-05-04 19:00:00,5128,105,3
2375,2025-02-19 12:00:00,5099,106,1
2376,2025-12-16 19:00:00,5007,107,1
2377,2025-02-20 15:00:00,5161,107,4
2378,2025-08-14 15:00:00,5183,105,4
2379,2025-02-07 10:00:00,5146,104,1
2380,2025-08-08 04:00:00,5096,104,1
2381,2025-06-21 12:00:00,5138,107,3
2382,2025-12-21 04:00:00,5045,101,4
2383,2025-01-30 02:00:00,5190,103,1
2384,2025-11-30 19:00:00,5157,105,4
2385,2025-04-01 03:00:00,5144,107,4
2386,2025-03-08 04:00:00,5000,106,4
2387,2025-12-06 02:00:00,5108,102,2
2388,2025-10-19 06:00:00,5011,109,3
2389,2025-03-15 05:00:00,5199,110,3
2390,2025-02-26 16:00:00,5026,108,2
2391,2025-08-24 10:00:00,5089,109,2
2392,2025-07-24 12:00:00,5184,107,3
2393,2025-10-11 04:00:00,5084,109,4
2394,2025-09-29 05:00:00,5008,108,1
2395,2025-09-27 17:00:00,5038,106,2
2396,2025-02-04 15:00:00,5046,103,1
2397,2025-06-03 18:00:00,5027,101,2
2398,2025-08-18 08:00:00,5041,110,3
2399,2025-10-26 09:00:00,5097,101,4
2400,2025-05-03 20:00:00,5192,105,4
2401,2025-07-11 15:00:00,5001,110,2
2402,2025-03-09 22:00:00,5173,103,2
2403,2025-05-13 00:00:00,5106,106,2
2404,2025-07-30 07:00:00,5052,105,3
2405,2025-12-04 04:00:00,5099,106,2
2406,2025-12-11 06:00:00,5055,108,2
2407,2025-01-09 08:00:00,5041,107,1
2408,2025-12-20 13:00:00,5179,105,2
2409,2025-02-21 02:00:00,5166,110,1
2410,2025-12-10 16:00:00,5190,105,3
2411,2025-01-12 08:00:00,5103,101,2
2412,2025-06-25 10:00:00,5032,108,4
2413,2025-10-17 09:00:00,5000,103,1
2414,2025-09-26 09:00:00,5043,106,3
2415,2025-08-03 05:00:00,5005,104,4
2416,2025-03-26 01:00:00,5129,109,4
2417,2025-10-23 13:00:00,5059,108,4
2418,2025-03-25 13:00:00,5195,108,1
2419,2025-06-07 00:00:00,5005,107,3
2420,2025-06-25 02:00:00,5056,108,3
2421,2025-12-23 20:00:00,5107,106,2
2422,2025-05-22 06:00:00,5188,102,2
2423,2025-03-05 20:00:00,5089,102,1
2424,2025-11-15 10:00:00,5067,102,4
2425,2025-03-05 15:00:00,5187,107,3
2426,2025-10-12 02:00:00,5012,109,4
2427,2025-07-08 01:00:00,5192,109,4
2428,2025-06-21 02:00:00,5188,110,1
2429,2025-07-08 17:00:00,5151,110,1
2430,2025-10-03 05:00:00,5130,102,4
2431,2025-01-04 12:00:00,5199,101,4
2432,2025-11-04 19:00:00,5009,104,4
2433,2025-11-01 09:00:00,5127,110,4
2434,2025-09-28 04:00:00,5035,101,2
2435,2025-12-04 17:00:00,5025,105,4
2436,2025-06-17 02:00:00,5178,102,2
2437,2025-04-11 04:00:00,5045,103,1
2438,2025-05-10 19:00:00,5184,106,1
2439,2025-08-12 01:00:00,5038,110,4
2440,2025-12-12 18:00:00,5158,109,2
2441,2025-08-31 19:00:00,5190,110,3
2442,2025-09-13 07:00:00,5159,110,1
2443,2025-04-18 19:00:00,5062,103,3
2444,2025-07-08 23:00:00,5152,107,4
2445,2025-07-05 14:00:00,5173,104,3
2446,2025-11-11 01:00:00,5090,101,1
2447,2025-07-15 08:00:00,5132,101,1
2448,2025-01-16 19:00:00,5178,104,2
2449,2025-10-19 09:00:00,5183,103,2
2450,2025-12-03 16:00:00,5067,106,1
2451,2025-06-05 09:00:00,5137,102,4
2452,2025-11-06 22:00:00,5116,110,2
2453,2025-04-08 10:00:00,5030,102,3
2454,2025-11-24 10:00:00,5005,105,3
2455,2025-05-22 08:00:00,5021,103,2
2456,2025-10-12 22:00:00,5016,104,4
2457,2025-04-23 11:00:00,5081,106,2
2458,2025-08-25 15:00:00,5198,107,4
2459,2025-02-28 02:00:00,5044,101,1
2460,2025-11-12 13:00:00,5063,104,2
2461,2025-02-02 15:00:00,5143,103,2
2462,2025-04-01 10:00:00,5077,101,3
2463,2025-10-21 13:00:00,5122,109,4
2464,2025-10-08 00:00:00,5054,110,1
2465,2025-06-18 11:00:00,5195,109,3
2466,2025-04-10 10:00:00,5009,109,3
2467,2025-09-16 15:00:00,5035,104,3
2468,2025-09-13 05:00:00,5002,107,1
2469,2025-01-21 16:00:00,5174,108,3
2470,2025-06-30 01:00:00,5022,105,2
2471,2025-10-22 03:00:00,5175,107,2
2472,2025-04-24 12:00:00,5037,102,1
2473,2025-06-30 22:00:00,5007,105,1
2474,2025-03-29 01:00:00,5179,103,4
2475,2025-01-28 07:00:00,5114,104,4
2476,2025-10-21 13:00:00,5068,110,3
2477,2025-03-09 15:00:00,5110,101,4
2478,2025-03-19 15:00:00,5089,108,1
2479,2025-01-28 05:00:00,5037,102,1
2480,2025-12-24 20:00:00,5110,105,4
2481,2025-10-21 20:00:00,5065,107,4
2482,2025-02-05 16:00:00,5064,109,3
2483,2025-07-10 23:00:00,5118,103,4
2484,2025-11-30 00:00:00,5161,105,2
2485,2025-07-26 13:00:00,5174,104,4
2486,2025-07-06 09:00:00,5098,108,2
2487,2025-06-15 22:00:00,5048,104,4
2488,2025-02-25 04:00:00,5105,101,1
2489,2025-09-29 01:00:00,5115,102,1
2490,2025-03-29 23:00:00,5054,104,1
2491,2025-03-08 09:00:00,5089,103,1
2492,2025-04-01 00:00:00,5170,110,2
2493,2025-12-25 05:00:00,5139,106,1
2494,2025-09-05 19:00:00,5144,107,4
2495,2025-07-01 15:00:00,5092,103,1
2496,2025-02-05 15:00:00,5142,109,2
2497,2025-03-17 07:00:00,5046,105,4
2498,2025-02-11 00:00:00,5026,107,3
2499,2025-10-25 23:00:00,5028,105,3
2500,2025-12-11 22:00:00,5184,102,3
2501,2025-10-26 23:00:00,5075,107,3
2502,2025-01-30 07:00:00,5059,103,2
2503,2025-02-18 21:00:00,5030,102,1
2504,2025-04-25 01:00:00,5192,102,3
2505,2025-08-06 14:00:00,5131,101,1
2506,2025-01-13 05:00:00,5070,105,4
2507,2025-02-09 20:00:00,5094,110,4
2508,2025-05-10 15:00:00,5139,108,1
2509,2025-05-26 08:00:00,5163,109,3
2510,2025-07-14 07:00:00,5169,104,2
2511,2025-01-15 21:00:00,5163,103,4
2512,2025-05-15 10:00:00,5045,103,3
2513,2025-07-25 20:00:00,5134,109,1
2514,2025-01-23 14:00:00,5082,103,1
2515,2025-07-04 13:00:00,5040,103,3
2516,2025-03-24 12:00:00,5055,104,1
2517,2025-05-02 02:00:00,5078,102,2
2518,2025-02-18 14:00:00,5184,107,1
2519,2025-11-04 02:00:00,5083,101,1
2520,2025-06-05 17:00:00,5073,106,1
2521,2025-11-13 18:00:00,5119,107,1
2522,2025-10-14 12:00:00,5143,102,2
2523,2025-07-02 20:00:00,5000,107,1
2524,2025-07-12 12:00:00,5185,104,2
2525,2025-02-04 13:00:00,5039,101,1
2526,2025-02-03 17:00:00,5178,108,3
2527,2025-10-17 22:00:00,5180,103,1
2528,2025-01-25 20:00:00,5071,103,4
2529,2025-07-30 22:00:00,5135,106,3
2530,2025-10-01 21:00:00,5173,102,3
2531,2025-03-16 20:00:00,5075,106,4
2532,2025-06-27 18:00:00,5110,107,2
2533,2025-02-20 23:00:00,5192,110,3
2534,2025-03-05 05:00:00,5193,106,1
2535,2025-07-29 05:00:00,5000,110,3
2536,2025-03-25 19:00:00,5170,109,3
2537,2025-01-09 13:00:00,5019,109,3
2538,2025-04-06 03:00:00,5051,110,4
2539,2025-06-17 07:00:00,5167,105,2
2540,2025-02-20 14:00:00,5183,103,2
2541,2025-06-15 11:00:00,5074,106,1
2542,2025-11-14 04:00:00,5133,103,2
2543,2025-12-05 06:00:00,5158,109,3
2544,2025-09-29 02:00:00,5137,107,4
2545,2025-06-26 22:00:00,5184,110,3
2546,2025-10-12 17:00:00,5174,104,3
2547,2025-07-27 10:00:00,5033,109,4
2548,2025-01-18 05:00:00,5023,108,3
2549,2025-07-16 06:00:00,5053,101,1
2550,2025-05-05 16:00:00,5096,110,1
2551,2025-12-25 12:00:00,5091,110,1
2552,2025-04-11 12:00:00,5181,109,4
2553,2025-08-28 00:00:00,5023,110,1
2554,2025-06-06 00:00:00,5171,105,3
2555,2025-01-04 23:00:00,5131,102,2
2556,2025-09-17 17:00:00,5060,107,1
2557,2025-08-22 20:00:00,5166,104,4
2558,2025-01-03 12:00:00,5000,109,3
2559,2025-01-25 01:00:00,5091,103,4
2560,2025-01-03 22:00:00,5161,101,4
2561,2025-06-08 06:00:00,5089,101,1
2562,2025-06-26 11:00:00,5113,108,2
2563,2025-11-28 23:00:00,5015,104,4
2564,2025-11-29 09:00:00,5166,106,1
2565,2025-03-17 15:00:00,5000,110,4
2566,2025-12-10 08:00:00,5187,102,3
2567,2025-01-30 23:00:00,5095,105,4
2568,2025-05-02 18:00:00,5079,101,4
2569,2025-07-08 13:00:00,5129,102,4
2570,2025-06-02 01:00:00,5062,107,4
2571,2025-08-26 21:00:00,5031,104,1
2572,2025-10-24 05:00:00,5074,101,3
2573,2025-01-04 05:00:00,5040,105,4
2574,2025-06-02 14:00:00,5186,110,3
2575,2025-12-03 05:00:00,5065,102,1
2576,2025-08-26 13:00:00,5187,102,3
2577,2025-05-18 05:00:00,5171,107,4
2578,2025-04-15 03:00:00,5027,109,4
2579,2025-01-14 13:00:00,5057,101,2
2580,2025-09-11 12:00:00,5059,101,2
2581,2025-11-26 20:00:00,5072,103,1
2582,2025-08-14 08:00:00,5126,109,3
2583,2025-10-18 18:00:00,5084,101,2
2584,2025-10-03 01:00:00,5107,109,2
2585,2025-07-04 09:00:00,5118,103,2
2586,2025-11-15 04:00:00,5079,108,1
2587,2025-09-07 18:00:00,5099,109,4
2588,2025-12-18 14:00:00,5065,108,3
2589,2025-08-13 05:00:00,5153,105,4
2590,2025-06-08 07:00:00,5028,102,2
2591,2025-07-07 18:00:00,5038,102,1
2592,2025-04-13 16:00:00,5039,105,1
2593,2025-05-25 11:00:00,5003,109,4
2594,2025-01-23 05:00:00,5061,106,3
2595,2025-09-13 08:00:00,5157,108,2
2596,2025-07-03 16:00:00,5194,109,1
2597,2025-07-18 03:00:00,5001,109,2
2598,2025-05-17 03:00:00,5112,102,2
2599,2025-10-19 19:00:00,5028,107,3
2600,2025-12-09 23:00:00,5149,103,3
2601,2025-02-03 17:00:00,5116,106,1
2602,2025-06-29 20:00:00,5075,103,2
2603,2025-12-16 00:00:00,5182,107,3
2604,2025-12-16 15:00:00,5147,108,4
2605,2025-08-02 18:00:00,5117,110,4
2606,2025-03-16 06:00:00,5027,102,2
2607,2025-03-05 01:00:00,5039,106,3
2608,2025-09-02 07:00:00,5029,102,3
2609,2025-06-01 08:00:00,5175,110,2
2610,2025-08-04 10:00:00,5109,101,3
2611,2025-04-24 10:00:00,5133,104,1
2612,2025-10-11 16:00:00,5059,103,1
2613,2025-09-09 22:00:00,5102,105,3
2614,2025-07-19 20:00:00,5073,102,3
2615,2025-02-04 20:00:00,5130,104,3
2616,2025-04-30 03:00:00,5094,106,2
2617,2025-04-17 08:00:00,5019,107,2
2618,2025-01-16 11:00:00,5071,102,2
2619,2025-04-17 03:00:00,5052,106,2
2620,2025-09-28 02:00:00,5061,102,3
2621,2025-03-19 22:00:00,5121,105,4
2622,2025-09-13 04:00:00,5195,108,2
2623,2025-04-11 03:00:00,5176,107,1
2624,2025-02-01 08:00:00,5116,101,1
2625,2025-12-24 05:00:00,5175,104,3
2626,2025-09-02 20:00:00,5115,104,2
2627,2025-04-30 08:00:00,5107,102,1
2628,2025-03-29 19:00:00,5150,107,4
2629,2025-05-25 01:00:00,5160,104,4
2630,2025-07-12 10:00:00,5148,110,1
2631,2025-05-26 07:00:00,5174,103,3
2632,2025-11-01 21:00:00,5011,102,3
2633,2025-08-06 10:00:00,5108,109,4
2634,2025-02-17 11:00:00,5038,104,4
2635,2025-06-20 02:00:00,5080,107,3
2636,2025-09-02 03:00:00,5038,104,4
2637,2025-06-13 22:00:00,5039,101,3
2638,2025-08-30 14:00:00,5052,104,3
2639,2025-07-04 11:00:00,5007,110,2
2640,2025-05-20 15:00:00,5109,108,2
2641,2025-05-04 23:00:00,5010,107,1
2642,2025-07-01 20:00:00,5124,107,4
2643,2025-05-07 03:00:00,5170,103,4
2644,2025-11-15 10:00:00,5148,104,1
2645,2025-03-25 18:00:00,5093,105,3
2646,2025-12-11 15:00:00,5070,101,3
2647,2025-07-04 09:00:00,5149,101,4
2648,2025-10-27 17:00:00,5106,109,2
2649,2025-08-19 08:00:00,5166,109,4
2650,2025-05-22 19:00:00,5078,102,3
2651,2025-07-25 03:00:00,5199,106,2
2652,2025-06-29 09:00:00,5055,102,2
2653,2025-03-27 11:00:00,5176,104,3
2654,2025-11-11 09:00:00,5155,108,4
2655,2025-10-31 04:00:00,5161,103,3
2656,2025-01-04 13:00:00,5192,106,1
2657,2025-07-10 06:00:00,5179,101,3
2658,2025-02-26 06:00:00,5192,103,1
2659,2025-03-29 03:00:00,5160,104,1
2660,2025-08-01 19:00:00,5100,101,1
2661,2025-03-06 15:00:00,5137,104,3
2662,2025-03-29 09:00:00,5193,103,4
2663,2025-02-18 17:00:00,5121,103,2
2664,2025-04-20 18:00:00,5012,107,4
2665,2025-01-14 02:00:00,5160,108,3
2666,2025-05-31 08:00:00,5077,106,1
2667,2025-06-04 04:00:00,5091,109,2
2668,2025-10-07 17:00:00,5155,105,3
2669,2025-08-16 12:00:00,5057,101,1
2670,2025-05-08 22:00:00,5189,101,4
2671,2025-03-18 23:00:00,5002,104,3
2672,2025-01-18 00:00:00,5126,108,2
2673,2025-02-06 15:00:00,5170,109,4
2674,2025-07-05 12:00:00,5109,101,2
2675,2025-07-15 11:00:00,5007,106,1
2676,2025-08-03 08:00:00,5000,109,3
2677,2025-08-21 06:00:00,5170,101,4
2678,2025-01-26 17:00:00,5023,105,3
2679,2025-04-28 09:00:00,5180,107,3
2680,2025-03-05 07:00:00,5115,105,1
2681,2025-05-06 23:00:00,5180,107,2
2682,2025-07-07 07:00:00,5196,108,4
2683,2025-04-01 13:00:00,5188,109,4
2684,2025-12-13 04:00:00,5147,110,3
2685,2025-08-04 08:00:00,5004,105,3
2686,2025-02-14 14:00:00,5070,104,1
2687,2025-03-20 15:00:00,5022,110,2
2688,2025-03-19 20:00:00,5082,110,1
2689,2025-02-27 07:00:00,5178,101,3
2690,2025-03-23 02:00:00,5199,109,3
2691,2025-02-25 20:00:00,5125,103,3
2692,2025-05-25 14:00:00,5195,110,4
2693,2025-05-01 18:00:00,5024,109,1
2694,2025-12-24 08:00:00,5082,105,1
2695,2025-11-23 23:00:00,5002,102,3
2696,2025-09-06 16:00:00,5178,101,4
2697,2025-06-08 02:00:00,5176,109,2
2698,2025-08-25 16:00:00,5013,105,1
2699,2025-11-17 07:00:00,5176,102,4
2700,2025-03-20 04:00:00,5076,104,1
2701,2025-05-02 07:00:00,5163,107,2
2702,2025-04-24 00:00:00,5042,101,3
2703,2025-03-30 00:00:00,5052,108,4
2704,2025-02-16 21:00:00,5051,106,4
2705,2025-03-14 23:00:00,5016,104,2
2706,2025-07-19 04:00:00,5144,101,2
2707,2025-07-13 11:00:00,5179,104,3
2708,2025-08-11 19:00:00,5146,102,4
2709,2025-05-22 01:00:00,5043,108,4
2710,2025-02-02 05:00:00,5037,105,2
2711,2025-01-25 14:00:00,5000,108,3
2712,2025-08-15 22:00:00,5116,103,1
2713,2025-02-14 00:00:00,5166,103,2
2714,2025-09-28 21:00:00,5014,104,2
2715,2025-04-24 08:00:00,5116,109,2
2716,2025-05-19 23:00:00,5025,102,3
2717,2025-04-19 05:00:00,5056,107,1
2718,2025-07-07 12:00:00,5122,109,3
2719,2025-04-14 07:00:00,5076,102,1
2720,2025-09-22 19:00:00,5041,101,1
2721,2025-01-04 03:00:00,5130,105,1
2722,2025-12-06 03:00:00,5026,109,2
2723,2025-06-14 11:00:00,5012,107,4
2724,2025-08-12 02:00:00,5075,108,1
2725,2025-07-16 15:00:00,5088,108,4
2726,2025-02-01 10:00:00,5049,104,1
2727,2025-10-04 21:00:00,5161,101,3
2728,2025-05-31 02:00:00,5083,110,1
2729,2025-04-30 15:00:00,5018,105,2
2730,2025-06-18 03:00:00,5114,103,2
2731,2025-09-30 00:00:00,5003,107,3
2732,2025-02-08 05:00:00,5185,103,1
2733,2025-05-23 20:00:00,5070,103,2
2734,2025-03-26 16:00:00,5152,101,4
2735,2025-07-16 18:00:00,5063,106,1
2736,2025-06-14 04:00:00,5029,106,3
2737,2025-07-13 04:00:00,5120,103,3
2738,2025-11-15 16:00:00,5117,105,4
2739,2025-01-17 16:00:00,5142,107,4
2740,2025-05-23 15:00:00,5175,102,1
2741,2025-03-13 05:00:00,5154,105,2
2742,2025-12-14 12:00:00,5033,107,4
2743,2025-10-01 20:00:00,5097,110,2
2744,2025-05-30 02:00:00,5093,104,4
2745,2025-05-28 20:00:00,5179,103,1
2746,2025-04-25 17:00:00,5124,105,2
2747,2025-12-28 01:00:00,5153,109,1
2748,2025-05-31 16:00:00,5021,109,4
2749,2025-03-24 19:00:00,5094,102,3
2750,2025-11-08 19:00:00,5024,110,4
2751,2025-04-06 04:00:00,5103,104,1
2752,2025-01-25 13:00:00,5011,108,3
2753,2025-02-28 22:00:00,5046,108,3
2754,2025-03-15 21:00:00,5142,107,3
2755,2025-06-11 06:00:00,5154,108,3
2756,2025-10-31 10:00:00,5145,108,3
2757,2025-04-06 07:00:00,5123,102,3
2758,2025-11-08 19:00:00,5069,104,1
2759,2025-02-27 13:00:00,5056,104,3
2760,2025-08-01 17:00:00,5176,109,4
2761,2025-12-02 02:00:00,5012,102,1
2762,2025-03-09 10:00:00,5122,102,2
2763,2025-02-15 11:00:00,5145,109,2
2764,2025-10-01 15:00:00,5045,109,4
2765,2025-08-17 18:00:00,5145,106,1
2766,2025-12-20 02:00:00,5182,102,1
2767,2025-08-21 00:00:00,5057,104,3
2768,2025-06-27 08:00:00,5070,108,4
2769,2025-10-31 03:00:00,5134,103,2
2770,2025-09-30 14:00:00,5112,110,2
2771,2025-01-16 01:00:00,5064,107,2
2772,2025-10-02 15:00:00,5072,107,2
2773,2025-12-24 22:00:00,5027,107,4
2774,2025-09-11 08:00:00,5078,106,3
2775,2025-01-07 22:00:00,5113,110,3
2776,2025-08-29 05:00:00,5093,110,4
2777,2025-07-08 20:00:00,5062,102,1
2778,2025-03-02 04:00:00,5098,109,4
2779,2025-06-27 18:00:00,5095,104,3
2780,2025-07-21 11:00:00,5149,103,3
2781,2025-09-22 14:00:00,5177,110,1
2782,2025-10-05 08:00:00,5170,108,1
2783,2025-08-23 11:00:00,5117,108,3
2784,2025-01-21 15:00:00,5028,107,2
2785,2025-08-31 18:00:00,5060,104,1
2786,2025-04-01 07:00:00,5173,101,1
2787,2025-06-01 03:00:00,5017,104,4
2788,2025-06-03 18:00:00,5094,106,2
2789,2025-06-14 04:00:00,5137,107,2
2790,2025-01-02 17:00:00,5025,102,3
2791,2025-10-15 20:00:00,5191,103,3
2792,2025-11-15 13:00:00,5130,101,3
2793,2025-04-06 22:00:00,5051,106,2
2794,2025-01-26 00:00:00,5144,108,3
2795,2025-06-08 07:00:00,5069,102,1
2796,2025-09-29 10:00:00,5007,110,3
2797,2025-03-04 23:00:00,5109,105,2
2798,2025-02-27 09:00:00,5139,104,4
2799,2025-03-28 20:00:00,5059,107,3
2800,2025-05-29 14:00:00,5034,110,4
2801,2025-09-17 11:00:00,5102,102,1
2802,2025-04-06 22:00:00,5143,109,3
2803,2025-01-18 18:00:00,5093,110,4
2804,2025-04-09 13:00:00,5186,105,1
2805,2025-12-11 20:00:00,5193,102,1
2806,2025-11-13 03:00:00,5057,102,2
2807,2025-12-07 14:00:00,5162,103,2
2808,2025-01-29 18:00:00,5153,106,2
2809,2025-11-14 10:00:00,5167,107,2
2810,2025-03-15 12:00:00,5168,106,4
2811,2025-04-07 21:00:00,5088,110,4
2812,2025-07-06 18:00:00,5097,108,1
2813,2025-04-21 11:00:00,5073,102,1
2814,2025-02-21 12:00:00,5191,106,1
2815,2025-10-12 07:00:00,5049,108,2
2816,2025-05-17 11:00:00,5059,107,1
2817,2025-08-25 14:00:00,5080,105,3
2818,2025-08-18 20:00:00,5017,110,1
2819,2025-09-15 14:00:00,5068,103,3
2820,2025-08-22 02:00:00,5080,106,2
2821,2025-12-27 09:00:00,5051,106,3
2822,2025-06-11 08:00:00,5136,110,3
2823,2025-11-12 10:00:00,5023,106,2
2824,2025-10-02 19:00:00,5160,106,2
2825,2025-05-13 16:00:00,5021,110,2
2826,2025-11-29 14:00:00,5113,106,2
2827,2025-05-22 17:00:00,5133,102,2
2828,2025-09-09 22:00:00,5155,104,2
2829,2025-11-23 03:00:00,5189,110,4
2830,2025-05-01 10:00:00,5018,102,1
2831,2025-06-21 23:00:00,5025,105,4
2832,2025-08-18 17:00:00,5025,102,2
2833,2025-09-13 04:00:00,5105,109,2
2834,2025-05-25 22:00:00,5028,107,4
2835,2025-11-28 11:00:00,5178,110,3
2836,2025-02-27 17:00:00,5177,108,1
2837,2025-03-02 08:00:00,5054,105,1
2838,2025-10-07 15:00:00,5126,107,4
2839,2025-05-15 21:00:00,5103,102,4
2840,2025-12-10 02:00:00,5168,109,1
2841,2025-10-28 10:00:00,5028,103,2
2842,2025-07-01 20:00:00,5065,110,2
2843,2025-05-04 00:00:00,5174,104,2
2844,2025-12-03 05:00:00,5187,108,2
2845,2025-04-03 01:00:00,5198,103,1
2846,2025-01-01 01:00:00,5159,102,3
2847,2025-12-07 01:00:00,5085,101,4
2848,2025-08-15 05:00:00,5115,105,4
2849,2025-04-02 10:00:00,5179,101,1
2850,2025-07-31 05:00:00,5171,107,1
2851,2025-11-10 11:00:00,5149,105,3
2852,2025-08-30 12:00:00,5162,108,1
2853,2025-03-18 09:00:00,5015,101,1
2854,2025-02-06 06:00:00,5040,105,1
2855,2025-07-04 10:00:00,5020,109,4
2856,2025-01-30 11:00:00,5111,102,3
2857,2025-07-14 07:00:00,5047,107,2
2858,2025-02-09 06:00:00,5116,108,2
2859,2025-12-29 06:00:00,5155,104,3
2860,2025-01-11 08:00:00,5096,105,3
2861,2025-01-08 03:00:00,5147,101,4
2862,2025-01-31 11:00:00,5128,109,4
2863,2025-01-03 17:00:00,5130,104,4
2864,2025-07-10 12:00:00,5065,107,3
2865,2025-02-05 06:00:00,5072,104,3
2866,2025-01-17 01:00:00,5129,101,1
2867,2025-04-01 21:00:00,5175,104,1
2868,2025-10-04 03:00:00,5169,110,4
2869,2025-08-13 11:00:00,5030,104,2
2870,2025-12-16 23:00:00,5051,101,1
2871,2025-12-25 02:00:00,5135,103,1
2872,2025-09-14 13:00:00,5043,105,4
2873,2025-04-02 02:00:00,5001,104,3
2874,2025-07-29 17:00:00,5187,106,1
2875,2025-01-02 23:00:00,5068,102,1
2876,2025-03-04 17:00:00,5065,107,1
2877,2025-08-21 15:00:00,5019,108,1
2878,2025-08-12 11:00:00,5092,101,1
2879,2025-03-07 08:00:00,5125,107,3
2880,2025-01-17 20:00:00,5159,107,1
2881,2025-04-28 03:00:00,5184,101,1
2882,2025-12-15 07:00:00,5161,109,4
2883,2025-06-23 13:00:00,5018,102,3
2884,2025-09-06 02:00:00,5078,108,3
2885,2025-10-25 21:00:00,5038,107,4
2886,2025-11-16 17:00:00,5077,106,2
2887,2025-11-04 12:00:00,5160,102,3
2888,2025-10-13 16:00:00,5160,103,3
2889,2025-05-24 23:00:00,5049,102,4
2890,2025-04-29 05:00:00,5174,110,3
2891,2025-09-03 00:00:00,5049,101,3
2892,2025-02-16 05:00:00,5144,101,1
2893,2025-08-24 01:00:00,5082,105,1
2894,2025-08-01 10:00:00,5051,105,4
2895,2025-11-13 01:00:00,5196,104,1
2896,2025-09-18 17:00:00,5085,110,3
2897,2025-04-27 17:00:00,5192,104,4
2898,2025-12-12 02:00:00,5062,105,1
2899,2025-12-26 03:00:00,5087,104,1
2900,2025-11-27 12:00:00,5173,107,3
2901,2025-09-18 20:00:00,5138,104,3
2902,2025-12-19 13:00:00,5133,109,1
2903,2025-08-05 02:00:00,5178,103,4
2904,2025-07-15 21:00:00,5005,108,4
2905,2025-06-02 06:00:00,5052,105,2
2906,2025-02-13 23:00:00,5110,108,2
2907,2025-09-08 01:00:00,5081,110,3
2908,2025-03-09 16:00:00,5192,110,2
2909,2025-04-19 15:00:00,5113,110,4
2910,2025-11-23 01:00:00,5193,101,4
2911,2025-11-05 16:00:00,5132,106,2
2912,2025-12-10 15:00:00,5077,109,4
2913,2025-12-09 14:00:00,5017,109,3
2914,2025-05-05 13:00:00,5015,102,1
2915,2025-12-06 10:00:00,5154,101,1
2916,2025-04-04 16:00:00,5192,109,3
2917,2025-05-17 20:00:00,5011,105,3
2918,2025-10-03 21:00:00,5175,107,1
2919,2025-09-29 19:00:00,5157,104,3
2920,2025-07-18 13:00:00,5167,109,1
2921,2025-04-09 05:00:00,5092,110,4
2922,2025-11-15 13:00:00,5134,107,3
2923,2025-07-29 23:00:00,5161,110,1
2924,2025-02-20 01:00:00,5050,104,3
2925,2025-12-08 04:00:00,5005,106,1
2926,2025-11-02 05:00:00,5102,110,4
2927,2025-10-17 08:00:00,5186,106,1
2928,2025-01-01 02:00:00,5118,101,1
2929,2025-08-25 21:00:00,5172,105,3
2930,2025-10-24 04:00:00,5180,102,1
2931,2025-10-16 21:00:00,5196,110,4
2932,2025-07-16 00:00:00,5090,105,3
2933,2025-10-25 08:00:00,5149,108,4
2934,2025-10-03 17:00:00,5105,109,1
2935,2025-06-08 01:00:00,5108,101,2
2936,2025-12-17 09:00:00,5005,108,4
2937,2025-07-11 20:00:00,5044,102,4
2938,2025-08-24 00:00:00,5041,108,4
2939,2025-03-12 16:00:00,5128,107,2
2940,2025-07-30 21:00:00,5102,107,4
2941,2025-06-06 19:00:00,5110,108,4
2942,2025-12-26 06:00:00,5066,104,2
2943,2025-12-19 13:00:00,5056,110,1
2944,2025-03-24 12:00:00,5129,105,1
2945,2025-10-17 19:00:00,5195,103,1
2946,2025-10-27 01:00:00,5061,109,3
2947,2025-05-10 01:00:00,5185,102,2
2948,2025-09-28 17:00:00,5000,108,3
2949,2025-12-09 01:00:00,5133,102,1
2950,2025-07-10 02:00:00,5116,107,4
2951,2025-06-10 07:00:00,5047,101,4
2952,2025-07-10 20:00:00,5108,110,2
2953,2025-07-22 15:00:00,5026,102,3
2954,2025-08-07 12:00:00,5021,102,3
2955,2025-12-20 20:00:00,5079,102,3
2956,2025-03-18 10:00:00,5130,105,3
2957,2025-12-29 02:00:00,5170,104,3
2958,2025-11-15 20:00:00,5055,101,2
2959,2025-12-05 10:00:00,5049,102,3
2960,2025-09-18 20:00:00,5026,104,3
2961,2025-07-07 08:00:00,5095,110,2
2962,2025-10-27 03:00:00,5100,105,4
2963,2025-11-05 08:00:00,5179,106,2
2964,2025-07-24 15:00:00,5154,105,4
2965,2025-10-24 16:00:00,5149,105,1
2966,2025-10-04 07:00:00,5103,108,3
2967,2025-03-14 16:00:00,5180,101,4
2968,2025-04-11 08:00:00,5075,108,4
2969,2025-02-07 04:00:00,5170,102,3
2970,2025-01-08 23:00:00,5098,106,4
2971,2025-10-25 23:00:00,5100,104,3
2972,2025-06-06 19:00:00,5008,104,2
2973,2025-06-14 09:00:00,5141,101,2
2974,2025-06-17 21:00:00,5106,101,2
2975,2025-04-15 05:00:00,5081,104,2
2976,2025-03-12 02:00:00,5137,104,2
2977,2025-11-29 00:00:00,5058,107,2
2978,2025-07-31 05:00:00,5007,102,1
2979,2025-11-09 00:00:00,5080,105,4
2980,2025-09-23 11:00:00,5074,103,3
2981,2025-01-19 04:00:00,5042,108,3
2982,2025-02-20 07:00:00,5158,107,3
2983,2025-03-09 21:00:00,5035,109,1
2984,2025-06-13 17:00:00,5049,105,2
2985,2025-08-10 21:00:00,5097,110,3
2986,2025-09-12 19:00:00,5124,108,3
2987,2025-06-11 12:00:00,5073,108,1
2988,2025-10-15 04:00:00,5156,108,3
2989,2025-09-09 00:00:00,5147,109,2
2990,2025-01-14 00:00:00,5183,109,4
2991,2025-07-19 02:00:00,5056,110,4
2992,2025-10-13 06:00:00,5053,106,3
2993,2025-11-10 12:00:00,5005,101,2
2994,2025-06-20 22:00:00,5091,103,1
2995,2025-02-24 23:00:00,5044,101,1
2996,2025-04-05 11:00:00,5004,105,4
2997,2025-08-25 21:00:00,5135,103,3
2998,2025-02-21 00:00:00,5044,109,1
2999,2025-03-13 00:00:00,5036,109,2
